Start_Index,Act_No,Title,Date_of_Royal_Assent,Publication_Date,Date_of_Commencement,PDF_URL
0,870,"CARBON CAPTURE, UTILIZATION AND STORAGE ACT 2025",22/07/2025,01/08/2025,,"https://lom.agc.gov.my/ilims/upload/portal/akta/outputaktap/2995040_BI/Act 870 CARBON CAPTURE, UTILIZATION AND STORAGE ACT 2025.pdf"
0,869,PARLIAMENTARY SERVICE ACT 2025,09/07/2025,18/07/2025,,https://lom.agc.gov.my/ilims/upload/portal/akta/outputaktap/2969226_BI/Act 869- PARLIAMENTARY SERVICE ACT 2025.pdf
0,868,MALAYSIAN MEDIA COUNCIL ACT 2025,27/05/2025,06/06/2025,14/06/2025,https://lom.agc.gov.my/ilims/upload/portal/akta/outputaktap/2899250_BI/Act 868 - MALAYSIAN MEDIA COUNCIL ACT 2025.pdf
0,867,"GOVERNMENT SERVICE EFFICIENCY
COMMITMENT ACT 2025",06/05/2025,22/05/2025,,https://lom.agc.gov.my/ilims/upload/portal/akta/outputaktap/2867079_BI/Act 867-Government Service Efficiency Commitment Act 2025.pdf
0,866,ONLINE SAFETY ACT 2025,06/05/2025,22/05/2025,,https://lom.agc.gov.my/ilims/upload/portal/akta/outputaktap/2867049_BI/Act 866-Online Safety Act 2025.pdf
0,865,"CO-OPERATIVE INSTITUTE
(INCORPORATION) ACT 1968
(REVISED—2025)",,14/05/2025,15/05/2025,https://lom.agc.gov.my/ilims/upload/portal/akta/outputaktap/2864054_BI/Act 865 CO-OPERATIVE INSTITUTE (INCORPORATION) ACT 1968.pdf
0,864,DATA SHARING ACT 2025,05/02/2025,20/02/2025,28/04/2025,https://lom.agc.gov.my/ilims/upload/portal/akta/outputaktap/2687068_BI/Act 864 - DATA SHARING ACT 2025.pdf
0,863,"MEASURES FOR THE COLLECTION, ADMINISTRATION
AND ENFORCEMENT OF TAX ACT 2024",24/12/2024,31/12/2024,,https://lom.agc.gov.my/ilims/upload/portal/akta/outputaktap/2592590_BI/Act 863.pdf
0,862,FINANCE ACT 2024,24/12/2024,31/12/2024,,https://lom.agc.gov.my/ilims/upload/portal/akta/outputaktap/2592589_BI/Act 862 -FINANCE ACT 2024.pdf
0,861,ENERGY EFFICIENCY AND CONSERVATION ACT 2024,14/11/2024,26/11/2024,,https://lom.agc.gov.my/ilims/upload/portal/akta/outputaktap/2509365_BI/Energy Efficiency and Conservation Act 2024 - Act 861.pdf
0,860,MALAYSIA BORDER CONTROL AND PROTECTION AGENCY ACT 2024,09/10/2024,17/10/2024,,https://lom.agc.gov.my/ilims/upload/portal/akta/outputaktap/2430998_BI/Act 860.pdf
0,859,"BINTULU PORT AUTHORITY
(DISSOLUTION) ACT 2024",09/10/2024,17/10/2024,,https://lom.agc.gov.my/ilims/upload/portal/akta/outputaktap/2430798_BI/Act 859.pdf
0,858,"DECLARATION OF AN AREA IN
THE BINTULU DISTRICT TO BE A FEDERAL PORT (REPEAL) ACT 2024",09/10/2024,17/10/2024,,https://lom.agc.gov.my/ilims/upload/portal/akta/outputaktap/2430978_BI/Act 858.pdf
0,857,JEWELLERS (LICENSING) ACT 1917 (REVISED - 2024),,14/10/2024,15/10/2024,https://lom.agc.gov.my/ilims/upload/portal/akta/outputaktap/2422047_BI/Jewellers (Licensing) Act 1917 Act 857.pdf
0,856,"MALAYSIAN AVIATION COMMISSION
(DISSOLUTION) ACT 2024",11/09/2024,25/09/2024,01/08/2025,https://lom.agc.gov.my/ilims/upload/portal/akta/outputaktap/2368185_BI/Act 856.pdf
0,855,"PRESERVATION OF PUBLIC
SECURITY (SARAWAK)
ACT 1962
(REVISED - 2024)",16/05/1962,29/07/2024,30/07/2024,https://lom.agc.gov.my/ilims/upload/portal/akta/outputaktap/2241197_BI/Act 855- Preservation of Public Security (Sarawak) Act 1962 (BI).pdf
0,854,CYBER SECURITY ACT 2024,18/06/2024,26/06/2024,,https://lom.agc.gov.my/ilims/upload/portal/akta/outputaktap/2177706_BI/Act 854.pdf
0,853,JURISDICTIONAL IMMUNITIES OF FOREIGN STATES ACT 2024,14/05/2024,24/05/2024,,https://lom.agc.gov.my/ilims/upload/portal/akta/outputaktap/2138116_BI/Act 853.pdf
0,852,CONTROL OF SMOKING PRODUCTS FOR PUBLIC HEALTH ACT 2024,24/01/2024,02/02/2024,,https://lom.agc.gov.my/ilims/upload/portal/akta/outputaktap/1998006_BI/WJW240100 BI.pdf
0,851,FINANCE (NO. 2) ACT 2023,27/12/2023,29/12/2023,,https://lom.agc.gov.my/ilims/upload/portal/akta/outputaktap/1946988_BI/WJW231341 BI.pdf
0,850,"PUBLIC FINANCE AND
FISCAL RESPONSIBILITY ACT 2023",27/12/2023,29/12/2023,,https://lom.agc.gov.my/ilims/upload/portal/akta/outputaktap/1946989_BI/WJW231340 BI.pdf
0,849,THE TITULAR SUPERIOR OF THE BROTHERS OF SAINT GABRIEL (INCORPORATION) ACT 1957 (REVISED - 2023),27/06/1957,16/10/2023,17/10/2023,https://lom.agc.gov.my/ilims/upload/portal/akta/outputaktap/1869311_BI/Act 849 The Titular Superior of The Brothers Of Saint Gabriel (Incorporation) Act 1957 (BI).pdf
0,848,"FEES (DEPARTMENT OF BROADCASTING MALAYSIA)
(VALIDATION) ACT 2023",22/07/2023,28/07/2023,29/07/2023,https://lom.agc.gov.my/ilims/upload/portal/akta/outputaktap/1841200_BI/Act 848.pdf
0,847,REVISION OF SENTENCE OF DEATH AND IMPRISONMENT FOR NATURAL LIFE (TEMPORARY JURISDICTION OF THE FEDERAL COURT) ACT 2023,09/06/2023,16/06/2023,,https://lom.agc.gov.my/ilims/upload/portal/akta/outputaktap/1826844_BI/WJW230560 BI.pdf
0,846,ABOLITION OF MANDATORY DEATH PENALTY ACT 2023,09/06/2023,16/06/2023,,https://lom.agc.gov.my/ilims/upload/portal/akta/outputaktap/1826840_BI/Akta 846 BI.pdf
0,845,FINANCE ACT 2023,31/05/2023,31/05/2023,,https://lom.agc.gov.my/ilims/upload/portal/akta/outputaktap/1822437_BI/Act 845.pdf
0,844,THE PURE LIFE SOCIETY (SHUDDHA SAMAJAM) INCORPORATION ACT 1957 (REVISED - 2023),28/06/1957,08/05/2023,12/05/2023,https://lom.agc.gov.my/ilims/upload/portal/akta/outputaktap/1813992_BI/Act 844 Muktamad.pdf
0,843,PRESERVATION OF PUBLIC SECURITY (SABAH) ACT 1962 (REVISED - 2023),11/05/1962,22/02/2023,01/03/2023,https://lom.agc.gov.my/ilims/upload/portal/akta/outputaktap/1785296_BI/Act 843 warta 2023.pdf
0,842,PENANG FREE SCHOOL ACT 1920 (REVISED - 2023),,22/02/2023,01/03/2023,https://lom.agc.gov.my/ilims/upload/portal/akta/outputaktap/1785307_BI/Act 842 Penang Free School Act 1920.pdf
0,841,PENSIONS ACT 1951 (REVISED - 2022),25/02/1951,07/11/2022,15/11/2022,https://lom.agc.gov.my/ilims/upload/portal/akta/outputaktap/1746994_BI/Act 841.BI.pdf
0,840,ANTI-SEXUAL HARASSMENT ACT 2022,08/10/2022,18/10/2022,,https://lom.agc.gov.my/ilims/upload/portal/akta/outputaktap/1745931_BI/WJW220000 BI.pdf
0,839,"INDEPENDENT POLICE CONDUCT COMMISSION
ACT 2022",08/10/2022,18/10/2022,,https://lom.agc.gov.my/ilims/upload/portal/akta/outputaktap/1745930_BI/ACT 839.pdf
0,838,HOUSEWIVES' SOCIAL SECURITY ACT 2022,23/09/2022,03/10/2022,,https://lom.agc.gov.my/ilims/upload/portal/akta/outputaktap/1744513_BI/WJW22_1107 BI Teks.pdf
0,837,MALAYSIAN BORDER SECURITY AGENCY (DISSOLUTION) ACT 2022,24/08/2022,01/09/2022,,https://lom.agc.gov.my/ilims/upload/portal/akta/outputaktap/1741727_BI/ACT 837.pdf
0,836,GEOGRAPHICAL INDICATIONS ACT 2022,16/03/2022,18/03/2022,18/03/2022,https://lom.agc.gov.my/ilims/upload/portal/akta/outputaktap/1726100_BI/Act 836.pdf
0,835,FACTORIES AND MACHINERY (REPEAL) ACT 2022,04/03/2022,16/03/2022,,https://lom.agc.gov.my/ilims/upload/portal/akta/outputaktap/1725650_BI/Act 835.pdf
0,834,MALAYSIAN SPACE BOARD ACT 2022,19/01/2022,25/01/2022,,https://lom.agc.gov.my/ilims/upload/portal/akta/outputaktap/1721500_BI/Act 834.pdf
0,833,FINANCE ACT 2021,30/12/2021,31/12/2021,,https://lom.agc.gov.my/ilims/upload/portal/akta/outputaktap/1719465_BI/ACT 833.pdf
0,832,"SOCIETIES ACT 1966
(REVISED - 2021)",20/01/1966,15/11/2021,01/12/2021,https://lom.agc.gov.my/ilims/upload/portal/akta/outputaktap/1714338_BI/832 Teks BI.pdf
0,831,FINANCE ACT 2020,31/12/2020,31/12/2020,,https://lom.agc.gov.my/ilims/upload/portal/akta/outputaktap/1696025_BI/ACT 831.pdf
0,830,"TEMPORARY MEASURES FOR GOVERNMENT
FINANCING (CORONAVIRUS DISEASE 2019
(COVID-19)) ACT 2020",22/10/2020,26/10/2020,,https://lom.agc.gov.my/ilims/upload/portal/akta/outputaktap/1684840_BI/WJW000000 Act 830.pdf
0,829,"TEMPORARY MEASURES FOR REDUCING
THE IMPACT OF CORONAVIRUS DISEASE 2019
(COVID-19) ACT 2020",16/10/2020,23/10/2020,,https://lom.agc.gov.my/ilims/upload/portal/akta/outputaktap/1684650_BI/Act 829.pdf
0,828,NATIONAL LAND CODE (REVISED - 2020),,15/10/2020,06/12/2024,https://lom.agc.gov.my/ilims/upload/portal/akta/outputaktap/20201015_828_BI_WJW015175 National Land Code Act 828 (Pewartaan).pdf
0,827,CURRENCY ACT 2020,14/02/2020,28/02/2020,,https://lom.agc.gov.my/ilims/upload/portal/akta/outputaktap/759540_BI/WJW014846 BI.pdf
0,826,FOOD DONORS PROTECTION ACT,30/01/2020,10/02/2020,,https://lom.agc.gov.my/ilims/upload/portal/akta/outputaktap/758002_BI/Act 826 BI.pdf
0,825,ANTI-FAKE NEWS (REPEAL) ACT 2020,20/01/2020,30/01/2020,31/01/2020,https://lom.agc.gov.my/ilims/upload/portal/akta/outputaktap/757236_BI/Act 825 BI.pdf
0,824,MALAYSIAN HEALTH PROMOTION BOARD (DISSOLUTION) ACT 2019,30/12/2019,31/12/2019,,https://lom.agc.gov.my/ilims/upload/portal/akta/outputaktap/20191231_824_BI_Act 824.pdf
0,823,FINANCE ACT 2019,30/12/2019,31/12/2019,01/07/2020,https://lom.agc.gov.my/ilims/upload/portal/akta/outputaktap/1696015_BI/Act 823.pdf
0,822,NATIONAL ANTI-FINANCIAL CRIME CENTRE ACT 2019,30/12/2019,31/12/2019,,https://lom.agc.gov.my/ilims/upload/portal/akta/outputaktap/20191231_822_BI_Act 822.pdf
0,821,PENANG AND PROVINCE WELLESLEY JUBILEE FUND ACT 1965 (REVISED - 2019),,27/12/2019,,https://lom.agc.gov.my/ilims/upload/portal/akta/outputaktap/20191227_821_BI_WJW014498 Penang and Province Wallesley Jubilee Fund Act 1965 [Act 821].pdf
0,820,THE SUPERIOR OF THE INSTITUTE OF THE FRANCISCAN MISSIONARIES OF MARY (INCORPORATION) ACT 1957 (REVISED - 2019),,27/12/2019,,https://lom.agc.gov.my/ilims/upload/portal/akta/outputaktap/20191227_820_BI_WJW014497 The Superior of the Institute of the Franciscan Missionaries o....pdf
0,819,THE DAUGHTERS OF CHARITY OF THE CANOSSIAN INSTITUTE (INCORPORATION) ACT 1957 (REVISED - 2019),01/01/1970,27/12/2019,,https://lom.agc.gov.my/ilims/upload/portal/akta/outputaktap/20191227_819_BI_WJW014496 The Daughters of Charity of the Canossian Institute (Incorpora....pdf
0,818,THE OVERSEAS MISSIONARY FELLOWSHIP (INCORPORATION) ACT 1957 (REVISED - 2019),01/01/1970,27/12/2019,,https://lom.agc.gov.my/ilims/upload/portal/akta/outputaktap/20191227_818_BI_818 ACT.pdf
0,817,THE LADY SUPERIOR OF THE SOCIETY OF SAINT MAUR (INCORPORATION) ACT 1955 (REVISED - 2019),01/01/1970,27/12/2019,,https://lom.agc.gov.my/ilims/upload/portal/akta/outputaktap/20191227_817_BI_817 ACT.pdf
0,816,THE VISITOR IN THE FEDERATION OF MALAYA OF THE CHRISTIAN BROTHERS' SCHOOLS (INCORPORATION) ACT 1954 (REVISED - 2019),01/01/1970,27/12/2019,,https://lom.agc.gov.my/ilims/upload/portal/akta/outputaktap/20191227_816_BI_act 816.pdf
0,815,TRADEMARKS ACT 2019,22/11/2019,09/12/2019,,https://lom.agc.gov.my/ilims/upload/portal/akta/outputaktap/753889_BI/TRADEMARKS ACT 2019.pdf
0,814,SYARIE LEGAL PROFESSION (FEDERAL TERRITORIES) ACT 2019,15/11/2019,29/11/2019,,https://lom.agc.gov.my/ilims/upload/portal/akta/outputaktap/753475_BI/WJW014437 BI.pdf
0,813,DEPARTURE LEVY ACT 2019,03/07/2019,17/07/2019,,https://lom.agc.gov.my/ilims/upload/portal/akta/outputaktap/20190717_813_BI_WJW013689 BI.pdf
0,812,FINANCE ACT 2018,26/12/2018,27/12/2018,,https://lom.agc.gov.my/ilims/upload/portal/akta/outputaktap/1695979_BI/ACT 812.pdf
0,810,SUBANG GOLF COURSE CORPORATION ACT 1968 (REVISED 2018),,12/11/2018,,https://lom.agc.gov.my/ilims/upload/portal/akta/outputaktap/20181112_810_BI_Warta - Subang Golf Course Corporation Act 1968 [Act 810].pdf
0,809,POOL BETTING ACT 1967 (REVISED 2018),,12/11/2018,,https://lom.agc.gov.my/ilims/upload/portal/akta/outputaktap/20181112_809_BI_Warta - Pool Betting Act 1967 [Act 809].pdf
0,808,NATIONAL ANTHEM ACT 1968 (REVISED 2018),,01/11/2018,,https://lom.agc.gov.my/ilims/upload/portal/akta/outputaktap/20181101_808_BI_National Anthem Act 1968 Act 808.pdf
0,807,SERVICE TAX ACT 2018,24/08/2018,28/08/2018,25/11/2024,https://lom.agc.gov.my/ilims/upload/portal/akta/outputaktap/20180828_AKTA_807_BI.pdf
0,806,SALES TAX ACT 2018,24/08/2018,28/08/2018,,https://lom.agc.gov.my/ilims/upload/portal/akta/outputaktap/20180828_AKTA_806_BI.pdf
0,805,GOODS AND SERVICES (REPEAL) ACT 2018,24/08/2018,28/08/2018,,https://lom.agc.gov.my/ilims/upload/portal/akta/outputaktap/20180828_805_BI_Act 805 BI.pdf
0,804,DENTAL ACT 2018,19/06/2018,26/06/2018,,https://lom.agc.gov.my/ilims/upload/portal/akta/outputaktap/aktaBI_20180626_AktaPergigianBI.pdf
0,803,ANTI-FAKE NEWS ACT 2018,09/04/2018,11/04/2018,11/04/2018,https://lom.agc.gov.my/ilims/upload/portal/akta/outputaktap/20180411_803_BI_WJW010830 BI.pdf
0,802,PRIVATE AGED HEALTHCARE FACILITIES AND SERVICES ACT 2018,26/03/2018,29/03/2017,,https://lom.agc.gov.my/ilims/upload/portal/akta/outputaktap/aktaBI_20180329_WJW010784BI.pdf
0,801,FINANCE (NO. 2) ACT 2017,27/12/2017,29/12/2017,,https://lom.agc.gov.my/ilims/upload/portal/akta/outputaktap/813_BI/ACT 801.pdf
0,800,EMPLOYMENT INSURANCE SYSTEM ACT 2017,27/12/2017,28/12/2017,01/01/2018,https://lom.agc.gov.my/ilims/upload/portal/akta/outputaktap/aktaBI_20171228_WJW010232BI.pdf
0,799,MALAYSIAN BORDER SECURITY AGENCY ACT 2017,10/11/2017,30/11/2017,29/12/2017,https://lom.agc.gov.my/ilims/upload/portal/akta/outputaktap/aktaBI_20171130_799BI.pdf
0,798,LOCAL AUTHORITIES (CONDITIONS OF SERVICE) ACT 1964,,15/11/2017,,https://lom.agc.gov.my/ilims/upload/portal/akta/outputaktap/aktaBI_20171115_Act798_LocalAuthorities.pdf
0,797,SABAH PORTS AUTHORITY (CONSEQUENTIAL PROVISIONS) ACT 1968,,15/11/2017,,https://lom.agc.gov.my/ilims/upload/portal/akta/outputaktap/aktaBI_20171115_Act797_SabahPorts.pdf
0,796,EMPLOYMENT (RESTRICTION) ACT 1968,,15/11/2017,15/11/2017,https://lom.agc.gov.my/ilims/upload/portal/akta/outputaktap/aktaBI_20171115_Act796-Employment(Restriction)Act1968.pdf
0,795,ACCESS TO BIOLOGICAL RESOURCES AND BENEFIT SHARING ACT 2017,09/10/2017,17/10/2017,,https://lom.agc.gov.my/ilims/upload/portal/akta/outputaktap/aktaBI_20171017_795BI.pdf
0,794,MARRIED WOMEN AND CHILDREN (ENFORCEMENT OF MAINTENANCE) ACT 1968,,16/10/2017,16/10/2017,https://lom.agc.gov.my/ilims/upload/portal/akta/outputaktap/aktaBI_20171016_Act794_MarriedWomen.pdf
0,793,PADI CULTIVATORS (CONTROL OF RENT AND SECURITY OF TENURE) ACT 1967,,16/10/2017,16/10/2017,https://lom.agc.gov.my/ilims/upload/portal/akta/outputaktap/aktaBI_20171016_Act793-PadiCultivators(ControlofRentandSecurityofTenure)Act1967.pdf
0,792,SEXUAL OFFENCES AGAINST CHILDREN ACT 2017,03/07/2017,07/07/2017,10/07/2017,https://lom.agc.gov.my/ilims/upload/portal/akta/outputaktap/aktaBI_20170707_WJW008739BI.pdf
0,791,TOURISM TAX ACT 2017,19/06/2017,21/06/2017,,https://lom.agc.gov.my/ilims/upload/portal/akta/outputaktap/aktaBI_20170621_WJW008721Act791.pdf
0,790,COURTS (MODES OF COMMENCEMENT OF CIVIL ACTIONS) ACT 2017,19/06/2017,21/06/2017,15/07/2017,https://lom.agc.gov.my/ilims/upload/portal/akta/outputaktap/aktaBI_20170621_WJW008721Act790.pdf
0,789,SELF-EMPLOYMENT SOCIAL SECURITY ACT 2017,26/05/2017,01/06/2017,13/06/2017,https://lom.agc.gov.my/ilims/upload/portal/akta/outputaktap/aktaBI_20170601_WJW008637BI.pdf
0,788,CIVIL AVIATION AUTHORITY OF MALAYSIA ACT 2017,17/02/2017,27/02/2017,19/02/2018,https://lom.agc.gov.my/ilims/upload/portal/akta/outputaktap/800_BI/ACT 788.pdf
0,787,OFFENCES RELATING TO AWARDS ACT 2017,03/02/2017,10/02/2017,25/10/2017,https://lom.agc.gov.my/ilims/upload/portal/akta/outputaktap/aktaBI_20170210_WJW008109BI.pdf
0,786,ASIAN INFRASTRUCTURE INVESTMENT BANK ACT 2017,09/01/2017,16/01/2017,,https://lom.agc.gov.my/ilims/upload/portal/akta/outputaktap/aktaBI_20170116_A786BI.pdf
0,785,FINANCE ACT 2017,09/01/2017,16/01/2017,,https://lom.agc.gov.my/ilims/upload/portal/akta/outputaktap/797_BI/ACT 785.pdf
0,784,SCOUTS ASSOCIATION OF MALAYSIA (INCORPORATION) ACT 1968,,17/11/2016,17/11/2016,https://lom.agc.gov.my/ilims/upload/portal/akta/outputaktap/aktaBI_20161117_ScoutsAssociationofMalaysia(Incorporation)Act1968[Act784].pdf
0,783,STATUTORY DECLARATIONS ACT 1960,,17/11/2016,17/11/2016,https://lom.agc.gov.my/ilims/upload/portal/akta/outputaktap/Act 783 - Revised.pdf
0,782,FOREST RESEARCH INSTITUTE MALAYSIA ACT 2016,31/08/2016,30/09/2016,01/10/2016,https://lom.agc.gov.my/ilims/upload/portal/akta/outputaktap/aktaBI_20160930_AKTAINSTITUTPENYELIDIKANPERHUTANANMALAYSIA2016(BI)Act782.pdf
0,781,REDEMPTORIST FATHERS (INCORPORATION) ACT 1962,,15/09/2016,,https://lom.agc.gov.my/ilims/upload/portal/akta/outputaktap/aktaBI_20160915_Warta-RedemptoristFathers(Incorporation)Act1962[Act781].pdf
0,780,BERNAMA ACT 1967,,15/09/2016,15/09/2016,https://lom.agc.gov.my/ilims/upload/portal/akta/outputaktap/aktaBI_20160915_Warta-BERNAMAAct1967[Act780].pdf
0,779,LEGISLATURE OF SARAWAK (APPLICATION OF MONIES BORROWED FROM THE FEDERATION) ACT 1968,,15/09/2016,15/09/2016,https://lom.agc.gov.my/ilims/upload/portal/akta/outputaktap/aktaBI_20160915_ACT779EN.pdf
0,778,INTEREST SCHEMES ACT 2016,31/08/2016,15/09/2016,31/01/2017,https://lom.agc.gov.my/ilims/upload/portal/akta/outputaktap/aktaBI_20160915_WJW007260AktaSkimKepentingan2016BI.pdf
0,777,COMPANIES ACT 2016,31/08/2016,15/09/2016,10/01/2025,https://lom.agc.gov.my/ilims/upload/portal/akta/outputaktap/aktaBI_20160915_CompaniesAct2016Act777.pdf
0,776,NATIONAL SECURITY COUNCIL ACT 2016,18/02/2016,07/06/2018,01/08/2016,https://lom.agc.gov.my/ilims/upload/portal/akta/outputaktap/aktaBI_20160607_776-BI.pdf
0,775,TRADITIONAL AND COMPLEMENTARY MEDICINE ACT 2016,02/03/2016,10/03/2016,,https://lom.agc.gov.my/ilims/upload/portal/akta/outputaktap/aktaBI_20160310_WJW006216Act775-BI.pdf
0,774,ALLIED HEALTH PROFESSIONS ACT 2016,04/02/2016,18/02/2016,,https://lom.agc.gov.my/ilims/upload/portal/akta/outputaktap/aktaBI_20160218_ACT776-BI.pdf
0,773,FINANCE ACT 2015,29/12/2015,30/12/2015,,https://lom.agc.gov.my/ilims/upload/portal/akta/outputaktap/785_BI/ACT 773.pdf
0,772,ANIMAL WELFARE ACT 2015,21/12/2015,29/12/2015,01/07/2017,https://lom.agc.gov.my/ilims/upload/portal/akta/outputaktap/20151229_AKTA 772_BI_akta 772-BI.pdf
0,771,MALAYSIAN AVIATION COMMISSION ACT 2015,25/08/2015,27/08/2015,01/03/2016,https://lom.agc.gov.my/ilims/upload/portal/akta/outputaktap/20150827_771_BI_WJW005003 BI (AKTA 771).pdf
0,770,SPECIAL MEASURES AGAINST TERRORISM IN FOREIGN COUNTRIES ACT 2015,28/05/2015,04/06/2015,15/06/2015,https://lom.agc.gov.my/ilims/upload/portal/akta/outputaktap/aktaBI_20150604_Act770(BI).pdf
100,769,PREVENTION OF TERRORISM ACT 2015,28/05/2015,04/06/2015,01/09/2015,https://lom.agc.gov.my/ilims/upload/portal/akta/outputaktap/aktaBI_20150604_Act769(BI).pdf
100,768,TECHNOLOGISTS AND TECHNICIANS ACT 2015,28/05/2015,04/06/2015,,https://lom.agc.gov.my/ilims/upload/portal/akta/outputaktap/aktaBI_20150604_Act768(BI).pdf
100,767,PUBLIC SECTOR HOME FINANCING BOARD ACT 2015,28/05/2015,04/06/2015,,https://lom.agc.gov.my/ilims/upload/portal/akta/outputaktap/aktaBI_20150604_Act767(BI).pdf
100,766,NETTING OF FINANCIAL AGREEMENTS ACT 2015,02/03/2015,06/03/2015,30/03/2015,https://lom.agc.gov.my/ilims/upload/portal/akta/outputaktap/20150306_766_AKTA PENGHASILAN BERSIH PERJANJIAN KEWANGAN 2015 (BI).pdf
100,765,MALAYSIAN AIRLINE SYSTEM BERHAD (ADMINISTRATION) ACT 2015,30/12/2014,05/01/2015,20/02/2015,https://lom.agc.gov.my/ilims/upload/portal/akta/outputaktap/20150105_AKTA 765_BI_MAS (Administration) 2015_1.pdf
100,764,FINANCE (NO. 2) ACT 2014,24/12/2014,30/12/2014,,https://lom.agc.gov.my/ilims/upload/portal/akta/outputaktap/776_BI/ACT 764.pdf
100,763,YAYASAN GURU TUN HUSSEIN ONN ACT 2014,18/07/2014,25/07/2014,,https://lom.agc.gov.my/ilims/upload/portal/akta/outputaktap/20140725_763_BI_WJW002846 BI.pdf
100,762,GOODS AND SERVICES TAX ACT 2014,09/06/2014,19/06/2014,,https://lom.agc.gov.my/ilims/upload/portal/akta/outputaktap/20140619_762_BI_ACT 762.pdf
100,761,FINANCE ACT 2014,15/01/2014,23/01/2014,,https://lom.agc.gov.my/ilims/upload/portal/akta/outputaktap/773_BI/ACT 761.pdf
100,760,FEES (DEPARTMENT OF MUSEUMS MALAYSIA) (VALIDATION) ACT 2014,31/12/2013,10/01/2014,01/11/2014,https://lom.agc.gov.my/ilims/upload/portal/akta/outputaktap/20140110_AKTA 760-BI.pdf
100,759,ISLAMIC FINANCIAL SERVICES ACT 2013,18/03/2013,22/03/2013,,https://lom.agc.gov.my/ilims/upload/portal/akta/outputaktap/20130322_759_BI_Combined.pdf
100,758,FINANCIAL SERVICES ACT 2013,18/03/2013,22/03/2013,17/02/2025,https://lom.agc.gov.my/ilims/upload/portal/akta/outputaktap/20130322_758_BI_ACT 758.pdf
100,757,STRATA MANAGEMENT ACT 2013,05/02/2013,08/02/2013,,https://lom.agc.gov.my/ilims/upload/portal/akta/outputaktap/20130208_757_BI_AKTA 757-BI.pdf
100,756,TRADITIONAL AND COMPLEMENTARY MEDICINE ACT 2013,05/02/2013,08/02/2013,,https://lom.agc.gov.my/ilims/upload/portal/akta/outputaktap/aktaBI_20160310_PW5450.pdf
100,755,FINANCE ACT 2013,27/12/2012,10/01/2013,,https://lom.agc.gov.my/ilims/upload/portal/akta/outputaktap/767_BI/ACT 755.pdf
100,754,INTERNATIONAL TRANSFER OF PRISONERS ACT 2012,20/12/2012,26/12/2012,21/02/2013,https://lom.agc.gov.my/ilims/upload/portal/akta/outputaktap/766_BI/Act754y2012.pdf
100,753,MINIMUM RETIREMENT AGE ACT 2012,05/08/2012,16/08/2012,01/07/2013,https://lom.agc.gov.my/ilims/upload/portal/akta/outputaktap/20120816_AKTA 753_BI_JW002810 BI-MINIMUM RETIREMENT AGE ACT 2012.pdf
100,752,MALAYSIA VOLUNTEERS CORPS ACT 2012,22/06/2012,25/06/2012,22/06/2012,https://lom.agc.gov.my/ilims/upload/portal/akta/outputaktap/20120625_752_BI_JW002564 Act 752 BI.pdf
100,751,RUKUN TETANGGA ACT 2012,18/06/2012,22/06/2012,22/06/2012,https://lom.agc.gov.my/ilims/upload/portal/akta/outputaktap/20120622_751_BI_Act 751 BI.pdf
100,750,TERRITORIAL SEA ACT 2012,18/06/2012,22/06/2012,22/06/2012,https://lom.agc.gov.my/ilims/upload/portal/akta/outputaktap/20120622_750_BI_Act 750 BI.pdf
100,749,MEDIATION ACT 2012,18/06/2012,22/06/2012,01/08/2012,https://lom.agc.gov.my/ilims/upload/portal/akta/outputaktap/20120622_749_BI_Act 749 BI.pdf
100,748,MALAYSIAN INSTITUTE OF ROAD SAFETY RESEARCH ACT 2012,18/06/2012,22/06/2012,15/07/2012,https://lom.agc.gov.my/ilims/upload/portal/akta/outputaktap/20120622_748_BI_Act 748 BI.pdf
100,747,SECURITY OFFENCES (SPECIAL MEASURES) ACT 2012,18/06/2012,22/06/2012,31/07/2012,https://lom.agc.gov.my/ilims/upload/portal/akta/outputaktap/20120622_747_BI_Act 747 BI.pdf
100,746,CONSTRUCTION INDUSTRY PAYMENT AND ADJUDICATION ACT 2012,18/06/2012,22/06/2012,15/04/2014,https://lom.agc.gov.my/ilims/upload/portal/akta/outputaktap/20120622_746_BI_Act 746 BI.pdf
100,745,PINGAT TENTERA UDARA (REMEMBRANCE ALLOWANCE) ACT 2012,15/05/2012,17/05/2012,07/01/2011,https://lom.agc.gov.my/ilims/upload/portal/akta/outputaktap/20120517_745_BI_Act 745 BI.pdf
100,744,JASA PERKASA PERSEKUTUAN (REMEMBRANCE ALLOWANCE) ACT 2012,15/05/2012,17/05/2012,07/01/2011,https://lom.agc.gov.my/ilims/upload/portal/akta/outputaktap/20120517_744_BI_Act 744 BI.pdf
100,743,LIMITED LIABILITY PARTNERSHIPS ACT 2012,02/02/2012,09/02/2012,26/12/2012,https://lom.agc.gov.my/ilims/upload/portal/akta/outputaktap/20120209_743_BI_JW001761 Act 743-BI.pdf
100,742,FINANCE ACT 2012,02/02/2012,09/02/2012,,https://lom.agc.gov.my/ilims/upload/portal/akta/outputaktap/742_BI/ACT 742.pdf
100,741,POSTAL SERVICES ACT 2012,02/02/2012,09/02/2012,01/04/2013,https://lom.agc.gov.my/ilims/upload/portal/akta/outputaktap/20120209_741_BI_JW001761 BI Act 741.pdf
100,740,VETERANS ACT 2012,30/01/2012,09/02/2012,15/10/2015,https://lom.agc.gov.my/ilims/upload/portal/akta/outputaktap/20120209_740_BI_JW001760 BI Act 740(BI).pdf
100,739,PERUMAHAN RAKYAT 1MALAYSIA ACT 2012,30/01/2012,09/02/2012,,https://lom.agc.gov.my/ilims/upload/portal/akta/outputaktap/20120209_739_BI_JW001760 BI Act 739(BI).pdf
100,738,MEDICAL DEVICE AUTHORITY ACT 2012,30/01/2012,09/02/2012,15/03/2012,https://lom.agc.gov.my/ilims/upload/portal/akta/outputaktap/20120209_738_BI_JW001759 Act 738(BI).pdf
100,737,MEDICAL DEVICE ACT 2012,30/01/2012,09/02/2012,30/06/2013,https://lom.agc.gov.my/ilims/upload/portal/akta/outputaktap/20120209_737_BI_JW001759 Act 737 (BI).pdf
100,736,PEACEFUL ASSEMBLY ACT 2012,30/01/2012,09/02/2012,23/04/2012,https://lom.agc.gov.my/ilims/upload/portal/akta/outputaktap/20120209_736_BI_JW001759 Act 736 (BI).pdf
100,735,BANISHMENT (REPEAL) ACT 2011,25/12/2011,30/12/2011,31/12/2011,https://lom.agc.gov.my/ilims/upload/portal/akta/outputaktap/20111230_735_BI_JW1640 (Act 735 BI).pdf
100,734,RESTRICTED RESIDENCE (REPEAL) ACT 2011,25/12/2011,30/12/2011,31/12/2011,https://lom.agc.gov.my/ilims/upload/portal/akta/outputaktap/20111230_734_BI_JW1640 (Act 734 BI).pdf
100,733,KAMPONG BHARU DEVELOPMENT CORPORATION ACT 2011,25/12/2011,30/12/2011,01/04/2012,https://lom.agc.gov.my/ilims/upload/portal/akta/outputaktap/20111230_733_BI_JW1640 (Act 733 BI).pdf
100,732,NATIONAL WAGES CONSULTATIVE COUNCIL ACT 2011,26/08/2011,15/09/2011,23/09/2011,https://lom.agc.gov.my/ilims/upload/portal/akta/outputaktap/20110915_AKTA 732_BI_Act 732 BI.pdf
100,731,MONEY SERVICES BUSINESS ACT 2011,26/08/2011,15/09/2011,01/12/2011,https://lom.agc.gov.my/ilims/upload/portal/akta/outputaktap/20110915_AKTA 731_BI_Act 731 BI.pdf
100,730,TRADE DESCRIPTIONS ACT 2011,05/08/2011,18/08/2011,01/11/2011,https://lom.agc.gov.my/ilims/upload/portal/akta/outputaktap/20110818_730_BI_A730 BI.pdf
100,729,NATIONAL SPORTS INSTITUTE ACT 2011,05/08/2011,18/08/2011,15/09/2011,https://lom.agc.gov.my/ilims/upload/portal/akta/outputaktap/20110818_729_BI_A729 BI.pdf
100,728,MALAYSIAN QUARANTINE AND INSPECTION SERVICES ACT 2011,05/08/2011,18/08/2011,,https://lom.agc.gov.my/ilims/upload/portal/akta/outputaktap/20110818_728_BI_AKTA 728 (BI).pdf
100,727,FOOD ANALYSTS ACT 2011,23/05/2011,02/06/2011,15/03/2014,https://lom.agc.gov.my/ilims/upload/portal/akta/outputaktap/20110602_727_BI_Food Analysts Act 2011.pdf
100,726,SUSTAINABLE ENERGY DEVELOPMENT AUTHORITY ACT 2011,23/05/2011,02/06/2011,,https://lom.agc.gov.my/ilims/upload/portal/akta/outputaktap/738_BI/Act 726 - Gazette.pdf
100,725,RENEWABLE ENERGY ACT 2011,23/05/2011,02/06/2011,,https://lom.agc.gov.my/ilims/upload/portal/akta/outputaktap/Act 725.pdf
100,724,NATIONAL VISUAL ARTS DEVELOPMENT BOARD ACT 2011,24/01/2011,27/01/2011,27/08/2011,https://lom.agc.gov.my/ilims/upload/portal/akta/outputaktap/Act724 - Salinan Asal.pdf
100,723,PRICE CONTROL AND ANTI-PROFITEERING ACT 2011,24/01/2011,27/01/2011,01/04/2011,https://lom.agc.gov.my/ilims/upload/portal/akta/outputaktap/Act 723 - ori.pdf
100,722,FEES (MALAYSIAN METEOROLOGICAL DEPARTMENT) (VALIDATION) ACT 2010,24/01/2011,27/01/2011,28/01/2011,https://lom.agc.gov.my/ilims/upload/portal/akta/outputaktap/Act722 ori.pdf
100,721,INTERNATIONAL ISLAMIC LIQUIDITY MANAGEMENT CORPORATION ACT 2011,24/01/2011,27/01/2011,25/10/2010,https://lom.agc.gov.my/ilims/upload/portal/akta/outputaktap/Act721 ori.pdf
100,720,MALAYSIA DEPOSIT INSURANCE CORPORATION ACT 2011,24/01/2011,27/01/2011,31/12/2010,https://lom.agc.gov.my/ilims/upload/portal/akta/outputaktap/Act 720 ori.pdf
100,719,FINANCE ACT 2010,17/01/2011,27/01/2011,,https://lom.agc.gov.my/ilims/upload/portal/akta/outputaktap/731_BI/ACT 719.pdf
100,718,AGENSI INOVASI MALAYSIA ACT 2010,29/12/2010,30/12/2010,15/04/2011,https://lom.agc.gov.my/ilims/upload/portal/akta/outputaktap/Act 718 ori.pdf
100,717,PERBADANAN STADIUM MALAYSIA  2010,29/12/2010,30/12/2010,01/03/2011,https://lom.agc.gov.my/ilims/upload/portal/akta/outputaktap/Act717 ori.pdf
100,716,WILDLIFE CONSERVATION ACT 2010,21/10/2010,04/11/2010,28/12/2010,https://lom.agc.gov.my/ilims/upload/portal/akta/outputaktap/Act716 ori.pdf
100,715,LAND PUBLIC TRANSPORT ACT 2010,02/06/2010,10/06/2010,,https://lom.agc.gov.my/ilims/upload/portal/akta/outputaktap/Act715 ori.pdf
100,714,SURUHANJAYA PENGANGKUTAN AWAM DARAT ACT 2010,01/06/2010,01/06/2010,03/06/2010,https://lom.agc.gov.my/ilims/upload/portal/akta/outputaktap/Act 714 ori.pdf
100,714,SURUHANJAYA PENGANGKUTAN AWAM DARAT ACT 2010,10/12/2018,13/12/2018,,https://lom.agc.gov.my/ilims/upload/portal/akta/outputaktap/1695975_BI/WJW240906 Act 714 (Repealed by Act 811).pdf
100,713,COMPETITION COMMISSION ACT 2010,02/06/2010,10/06/2010,01/01/2011,https://lom.agc.gov.my/ilims/upload/portal/akta/outputaktap/Act 713 ori.pdf
100,712,COMPETITION ACT 2010,02/06/2010,10/06/2010,01/01/2012,https://lom.agc.gov.my/ilims/upload/portal/akta/outputaktap/Act 712 ori.pdf
100,711,WHISTLEBLOWER PROTECTION ACT 2010,02/06/2010,10/06/2010,15/12/2010,https://lom.agc.gov.my/ilims/upload/portal/akta/outputaktap/Act 711 ori.pdf
100,710,CREDIT REPORTING AGENCIES ACT 2010,02/06/2010,10/06/2010,15/01/2014,https://lom.agc.gov.my/ilims/upload/portal/akta/outputaktap/Act 710 ori.pdf
100,709,PERSONAL DATA PROTECTION ACT 2010,02/06/2010,10/06/2010,15/11/2013,https://lom.agc.gov.my/ilims/upload/portal/akta/outputaktap/Act 709 ori.pdf
100,708,STRATEGIC TRADE ACT 2010,02/06/2010,10/06/2010,01/01/2011,https://lom.agc.gov.my/ilims/upload/portal/akta/outputaktap/Act708 ORI 2010.pdf
100,707,LABUAN LIMITED PARTNERSHIPS AND LIMITED LIABILITY PARTNERSHIPS ACT 2010,31/01/2010,11/02/2010,11/02/2010,https://lom.agc.gov.my/ilims/upload/portal/akta/outputaktap/Act 707 ori.pdf
100,706,LABUAN FOUNDATIONS ACT 2010,31/01/2010,11/02/2010,11/02/2010,https://lom.agc.gov.my/ilims/upload/portal/akta/outputaktap/Act 706 ori.pdf
100,705,LABUAN ISLAMIC FINANCIAL SERVICES AND SECURITIES ACT 2010,31/01/2010,11/02/2010,11/02/2010,https://lom.agc.gov.my/ilims/upload/portal/akta/outputaktap/Act 705 (2).pdf
100,704,LABUAN FINANCIAL SERVICES AND SECURITIES ACT 2010,31/01/2010,11/02/2010,11/02/2010,https://lom.agc.gov.my/ilims/upload/portal/akta/outputaktap/Gazette Copy - Act 704.pdf
100,703,JUDGES' ETHICS COMMITTEE ACT 2010,06/01/2010,14/01/2010,04/03/2010,https://lom.agc.gov.my/ilims/upload/portal/akta/outputaktap/Gazette Copy - Act 703.pdf
100,702,FINANCE ACT 2010,06/01/2010,14/01/2010,,https://lom.agc.gov.my/ilims/upload/portal/akta/outputaktap/714_BI/ACT 702.pdf
100,701,CENTRAL BANK OF MALAYSIA ACT 2009,19/08/2009,03/09/2009,,https://lom.agc.gov.my/ilims/upload/portal/akta/outputaktap/Act 701.pdf
100,700,ENFORCEMENT AGENCY INTEGRITY COMMISSION ACT 2009,19/08/2009,03/09/2009,01/04/2011,https://lom.agc.gov.my/ilims/upload/portal/akta/outputaktap/Gazette Copy - Act 700.pdf
100,699,DEOXYRIBONUCLEIC ACID (DNA) IDENTIFICATION ACT 2009,19/08/2009,03/09/2009,01/09/2012,https://lom.agc.gov.my/ilims/upload/portal/akta/outputaktap/Gazette Copy - Act 699.pdf
100,698,FEED ACT 2009,19/08/2009,03/09/2009,01/01/2010,https://lom.agc.gov.my/ilims/upload/portal/akta/outputaktap/Salinan Warta Act 698.pdf
100,697,FEE (NATIONAL AGRICULTURE TRAINING COUNCIL) (VALIDATION) ACT 2009,18/04/2009,30/04/2009,01/05/2009,https://lom.agc.gov.my/ilims/upload/portal/akta/outputaktap/Act 697_2009.pdf
100,696,WITNESS PROTECTION ACT 2009,18/04/2009,30/04/2009,15/04/2010,
100,695,JUDICIAL APPOINTMENTS COMMISSION ACT 2009,01/06/2009,08/01/2009,02/02/2009,https://lom.agc.gov.my/ilims/upload/portal/akta/outputaktap/Act 695 Warta.pdf
100,694,MALAYSIAN ANTI-CORRUPTION COMMISSION ACT 2009,01/06/2009,08/01/2009,01/01/2009,https://lom.agc.gov.my/ilims/upload/portal/akta/outputaktap/Gazette Copy - Act 694.pdf
100,693,FINANCE ACT 2009,06/01/2009,08/01/2009,,https://lom.agc.gov.my/ilims/upload/portal/akta/outputaktap/705_BI/ACT 693.pdf
100,692,NATIONAL KENAF AND TOBACCO BOARD ACT 2009,06/01/2009,08/01/2009,01/04/2010,https://lom.agc.gov.my/ilims/upload/portal/akta/outputaktap/Gazette Copy - Act 692.pdf
100,691,EMERGENCY (ESSENTIAL POWERS) ACT 1964,,12/04/2008,,
100,690,SALVATION ARMY (INCORPORATED) ACT 1956,04/12/2008,04/12/2008,,
100,689,GEOLOGISTS ACT 2008,22/08/2008,27/08/2008,28/11/2014,https://lom.agc.gov.my/ilims/upload/portal/akta/outputaktap/Warta Act 689.pdf
100,688,EAST COAST ECONOMIC REGION DEVELOPMENT COUNCIL ACT 2008,20/02/2008,25/02/2008,13/06/2008,https://lom.agc.gov.my/ilims/upload/portal/akta/outputaktap/Salinan Warta Act 688.pdf
100,687,NORTHERN CORRIDOR IMPLEMENTATION AUTHORITY ACT 2008,05/02/2008,14/02/2008,13/06/2008,https://lom.agc.gov.my/ilims/upload/portal/akta/outputaktap/Gazette Act 687.pdf
100,686,INTERNATIONAL TRADE IN ENDANGERED SPECIES ACT 2008,05/02/2008,14/02/2008,28/12/2009,https://lom.agc.gov.my/ilims/upload/portal/akta/outputaktap/Warta Act 686.pdf
100,685,PERSONS WITH DISABILITIES ACT 2008,09/01/2008,24/01/2008,07/07/2008,https://lom.agc.gov.my/ilims/upload/portal/akta/outputaktap/Salinan Warta Act 685.pdf
100,684,BANK PERTANIAN MALAYSIA BERHAD ACT 2008,16/01/2008,24/01/2008,,https://lom.agc.gov.my/ilims/upload/portal/akta/outputaktap/Act 684-warta.pdf
100,683,FINANCE ACT 2007,27/12/2007,28/12/2007,,https://lom.agc.gov.my/ilims/upload/portal/akta/outputaktap/695_BI/ACT 683.pdf
100,682,UNIVERSITY OF MALAYA ACT 1961,06/12/2007,,01/01/1962,
100,681,WIDOWS AND ORPHANS PENSION ACT 1915,,12/06/2007,,
100,680,ELECTRONIC GOVERNMENT ACTIVITIES ACT 2007,29/08/2007,30/08/2007,01/01/2008,https://lom.agc.gov.my/ilims/upload/portal/akta/outputaktap/Ogos 2007  Original Act 680.pdf
100,679,MALAYSIAN QUALIFICATIONS AGENCY ACT 2007,29/08/2007,30/08/2007,01/11/2007,https://lom.agc.gov.my/ilims/upload/portal/akta/outputaktap/Ogos 2007  Original Act 679.pdf
100,678,BIOSAFETY ACT 2007,28/08/2007,29/08/2007,01/12/2009,https://lom.agc.gov.my/ilims/upload/portal/akta/outputaktap/Ogos 2007  Original Act 678.pdf
100,677,HIRE PURCHASE REGISTRATION (SARAWAK) (REPEAL) ACT 2007,29/08/2007,30/08/2007,,https://lom.agc.gov.my/ilims/upload/portal/akta/outputaktap/Ogos 2007  Original Act 677.pdf
100,676,EVIDENCE OF CHILD WITNESS ACT 2007,29/08/2007,30/08/2007,31/12/2007,https://lom.agc.gov.my/ilims/upload/portal/akta/outputaktap/Ogos 2007  Original Act 676.pdf
100,675,NATIONAL MEASUREMENT SYSTEM ACT 2007,29/08/2007,30/08/2007,15/02/2008,https://lom.agc.gov.my/ilims/upload/portal/akta/outputaktap/Ogos 2007  Original Act 675.pdf
100,674,PATHOLOGY LABORATORY ACT 2007,29/08/2007,30/08/2007,,https://lom.agc.gov.my/ilims/upload/portal/akta/outputaktap/Ogos 2007  Original Act 674.pdf
100,673,SOLID WASTE AND PUBLIC CLEANSING MANAGEMENT CORPORATION ACT 2007,29/08/2007,29/08/2007,01/06/2008,https://lom.agc.gov.my/ilims/upload/portal/akta/outputaktap/Aug 2007  Original Act 673.pdf
100,672,SOLID WASTE AND PUBLIC CLEANSING MANAGEMENT ACT 2007,28/08/2007,29/08/2007,,https://lom.agc.gov.my/ilims/upload/portal/akta/outputaktap/Julai 2007  Original Act 672.pdf
100,671,CAPITAL MARKETS AND SERVICES ACT 2007,27/07/2007,31/07/2007,,https://lom.agc.gov.my/ilims/upload/portal/akta/outputaktap/Julai 2007  Original Act 671.pdf
200,670,ANTI-TRAFFICKING IN PERSONS AND ANTI-SMUGGLING OF MIGRANTS ACT 2007,18/07/2007,26/07/2007,,https://lom.agc.gov.my/ilims/upload/portal/akta/outputaktap/Julai 2007  Original Act 670.pdf
200,669,INTERNATIONAL ISLAMIC TRADE FINANCE CORPORATION ACT 2007,18/07/2007,26/07/2007,,https://lom.agc.gov.my/ilims/upload/portal/akta/outputaktap/Julai 2007  Original Act 669.pdf
200,668,YOUTH SOCIETIES AND YOUTH DEVELOPMENT ACT 2007,18/07/2007,26/07/2007,,https://lom.agc.gov.my/ilims/upload/portal/akta/outputaktap/Julai 2007 Original Act 668.pdf
200,667,LABUAN NATIVE TITLE ACT 2007,18/07/2007,26/07/2007,15/01/2010,
200,666,MALAYSIAN BIOFUEL INDUSTRY ACT 2007,18/07/2007,26/07/2007,01/08/2008,
200,665,MALAYSIA CO-OPERATIVE SOCIETIES COMMISSION ACT 2007,18/07/2007,19/07/2007,01/01/2008,https://lom.agc.gov.my/ilims/upload/portal/akta/outputaktap/677_BI/Act665(bi).pdf
200,664,ISKANDAR REGIONAL DEVELOPMENT AUTHORITY ACT 2007,02/12/2007,13/02/2007,17/02/2007,
200,663,BUILDING AND COMMON PROPERTY (MAINTENANCE AND MANAGEMENT) ACT 2007,02/12/2007,13/02/2007,,
200,662,RETIREMENT FUND ACT 2007,12/02/2007,13/02/2007,01/03/2007,https://lom.agc.gov.my/ilims/upload/portal/akta/outputaktap/Act 662- Warta.pdf
200,661,FINANCE ACT 2006,29/12/2006,31/12/2006,,https://lom.agc.gov.my/ilims/upload/portal/akta/outputaktap/673_BI/ACT 661.pdf
200,660,BASELINES OF MARITIME ZONES ACT 2006,29/12/2006,31/12/2006,01/05/2007,
200,659,INTERNATIONAL INTERESTS IN MOBILE EQUIPMENT (AIRCRAFT) ACT 2006,30/08/2006,31/08/2006,19/10/2006,
200,658,ELECTRONIC COMMERCE ACT 2006,30/08/2006,31/08/2006,19/10/2006,
200,657,SAFEGUARDS ACT 2006,30/08/2006,31/08/2006,22/11/2007,
200,656,MALAYSIAN PEPPER BOARD ACT 2006,30/08/2006,31/08/2006,01/01/2007,https://lom.agc.gov.my/ilims/upload/portal/akta/outputaktap/Act 656 - Malaysian Pepper Board Act 2006.pdf
200,655,WATER SERVICES INDUSTRY ACT 2006,10/07/2006,20/07/2006,01/01/2008,https://lom.agc.gov.my/ilims/upload/portal/akta/outputaktap/Salinan Warta Water Services Industry Act 2006 [Act 655].pdf
200,654,SURUHANJAYA PERKHIDMATAN AIR NEGARA ACT 2006,10/07/2006,20/07/2006,01/02/2007,https://lom.agc.gov.my/ilims/upload/portal/akta/outputaktap/666_BI/ACT  654 ORI.pdf
200,653,AKADEMI SENI BUDAYA DAN WARISAN KEBANGSAAN ACT 2006,15/06/2006,29/06/2006,01/08/2006,
200,652,NATIONAL SKILLS DEVELOPMENT ACT 2006,15/06/2006,29/06/2006,01/09/2006,
200,651,MALAYSIAN HEALTH PROMOTION BOARD ACT 2006,15/06/2006,29/06/2006,01/04/2007,
200,650,LOAN (LOCAL) ACT 1961,,30/03/2006,,
200,649,GOVERNMENT LOANS (NOTICE OF TRUSTS) ACT 1947,,,01/07/1941,
200,648,LOAN (LOCAL) ACT 1957,,,19/12/1957,
200,647,ANIMALS ACT 1953,,,30/04/1953,
200,646,ARBITRATION ACT 2005,30/12/2005,31/12/2005,15/03/2006,https://lom.agc.gov.my/ilims/upload/portal/akta/outputaktap/gazette act 646.pdf
200,645,NATIONAL HERITAGE ACT 2005,30/12/2005,31/12/2005,01/03/2006,
200,644,FINANCE ACT 2005,30/12/2005,31/12/2005,,https://lom.agc.gov.my/ilims/upload/portal/akta/outputaktap/656_BI/ACT 644.pdf
200,643,LANGKAWI INTERNATIONAL YACHTING COMPANIES ACT 2005,19/08/2005,01/09/2005,,
200,642,MALAYSIA DEPOSIT INSURANCE CORPORATION ACT 2005,02/08/2005,11/08/2005,15/08/2005,https://lom.agc.gov.my/ilims/upload/portal/akta/outputaktap/ACT 642- MANSUH.pdf
200,641,CHEMICAL WEAPONS CONVENTION ACT 2005,09/06/2005,16/06/2005,01/09/2006,
200,640,SKILLS DEVELOPMENT FUND ACT 2004,28/12/2004,31/12/2004,01/06/2006,https://lom.agc.gov.my/ilims/upload/portal/akta/outputaktap/001. Act 640-Warta.pdf
200,639,FINANCE ACT 2004,24/12/2004,30/12/2004,,https://lom.agc.gov.my/ilims/upload/portal/akta/outputaktap/651_BI/ACT 639.pdf
200,638,NATIONAL ANTI-DRUGS AGENCY ACT 2004,24/12/2004,30/12/2004,,https://lom.agc.gov.my/ilims/upload/portal/akta/outputaktap/Act 638-Salinan Warta.pdf
200,637,LOAN (LOCAL) ACT 1959,,11/05/2004,,
200,636,DIPLOMATIC PRIVILEGES (VIENNA CONVENTION) ACT 1966,,,09/12/1965,
200,635,FEES (MARINE PARKS MALAYSIA) (VALIDATION) ACT 2004,06/08/2004,12/08/2004,13/08/2004,
200,634,PROTECTION OF NEW PLANT VARIETIES ACT 2004,25/06/2004,01/07/2004,01/01/2007,
200,633,MALAYSIAN MARITIME ENFORCEMENT AGENCY ACT 2004,25/06/2004,01/07/2004,15/02/2005,https://lom.agc.gov.my/ilims/upload/portal/akta/outputaktap/Act 633 ORIGINAL.pdf
200,632,DEMUTUALISATION (KUALA LUMPUR STOCK EXCHANGE) ACT 2003,26/12/2003,31/12/2003,02/01/2004,
200,631,FINANCE ACT 2003,17/12/2003,25/12/2003,,https://lom.agc.gov.my/ilims/upload/portal/akta/outputaktap/643_BI/ACT 631.pdf
200,630,LANGKAWI INTERNATIONAL YACHT REGISTRY ACT 2003,29/07/2003,07/08/2003,02/10/2003,
200,629,NATIONAL ARCHIVES ACT 2003,29/07/2003,07/08/2003,10/10/2003,
200,628,NATIONAL SERVICE TRAINING ACT 2003,29/07/2003,07/08/2003,16/11/2003,
200,627,PAYMENT SYSTEMS ACT 2003,29/07/2003,07/08/2003,01/11/2003,
200,626,HOTELS (FEDERAL TERRITORY OF KUALA LUMPUR) ACT 2003,29/07/2003,07/08/2003,01/04/2004,https://lom.agc.gov.my/ilims/upload/portal/akta/outputaktap/Act A626.pdf
200,625,NATIONAL LAND CODE (VALIDATION) ACT 2003,12/05/2003,29/05/2003,30/05/2003,
200,624,FINANCE (NO. 2) ACT 2002,20/12/2002,26/12/2002,,https://lom.agc.gov.my/ilims/upload/portal/akta/outputaktap/636_BI/ACT 624.pdf
200,623,ISLAMIC FINANCIAL SERVICES BOARD ACT 2002,24/07/2002,01/08/2002,03/11/2002,
200,622,CAPITATION GRANT ACT 2002,24/07/2002,01/08/2002,01/01/2002,https://lom.agc.gov.my/ilims/upload/portal/akta/outputaktap/Act 622.pdf
200,621,MUTUAL ASSISTANCE IN CRIMINAL MATTERS ACT 2002,14/05/2002,30/05/2002,01/05/2003,https://lom.agc.gov.my/ilims/upload/portal/akta/outputaktap/633_BI/MUTUAL ASSISTANCE IN CRIMINAL MATTERS 2002.pdf
200,620,FILM CENSORSHIP ACT 2002,29/01/2002,07/02/2002,01/04/2002,
200,619,FINANCE ACT 2002,29/01/2002,07/02/2002,,https://lom.agc.gov.my/ilims/upload/portal/akta/outputaktap/631_BI/ACT 619.pdf
200,618,DEVELOPMENT FINANCIAL INSTITUTIONS ACT 2002,29/01/2002,07/02/2002,15/02/2002,
200,617,INTELLECTUAL PROPERTY CORPORATION OF MALAYSIA ACT 2002,14/01/2002,24/01/2002,03/03/2003,https://lom.agc.gov.my/ilims/upload/portal/akta/outputaktap/001. Gazette copy - Act 617 of 2002(1).pdf
200,616,PANGLIMA GAGAH BERANI (REMEMBRANCE ALLOWANCE) ACT 2001,22/12/2001,27/12/2001,28/12/2001,
200,615,MENTAL HEALTH ACT 2001,06/09/2001,27/09/2001,,https://lom.agc.gov.my/ilims/upload/portal/akta/outputaktap/act615y2001-Original.pdf
200,614,COMPANIES COMMISSION OF MALAYSIA ACT 2001,06/09/2001,27/09/2001,16/04/2002,https://lom.agc.gov.my/ilims/upload/portal/akta/outputaktap/act614y2001-Original.pdf
200,613,"ANTI-MONEY LAUNDERING, ANTI-TERRORISM FINANCING AND PROCEEDS OF UNLAWFUL ACTIVITIES ACT 2001",25/06/2001,05/07/2001,15/01/2002,https://lom.agc.gov.my/ilims/upload/portal/akta/outputaktap/625_BI/ACT 613.pdf
200,612,PEMBANGUNAN SUMBER MANUSIA BERHAD ACT 2001,15/02/2001,01/03/2001,16/05/2001,
200,611,CHILD ACT 2001,15/02/2001,01/03/2001,01/08/2002,
200,610,ENERGY COMMISSION ACT 2001,15/02/2001,01/03/2001,01/05/2001,
200,609,PERBADANAN LABUAN ACT 2001,15/02/2001,01/03/2001,01/07/2001,https://lom.agc.gov.my/ilims/upload/portal/akta/outputaktap/act609y2001-Original.pdf
200,608,FINANCE (NO. 2) ACT 2000,21/12/2000,23/12/2000,,https://lom.agc.gov.my/ilims/upload/portal/akta/outputaktap/620_BI/ACT 608.pdf
200,607,PORT WORKERS (REGULATION OF EMPLOYMENT) (DISSOLUTION) ACT 2000,21/12/2000,23/12/2000,01/01/2001,
200,606,OPTICAL DISCS ACT 2000,18/08/2000,31/08/2000,15/09/2000,
200,605,STATUTORY BODIES (DISCIPLINE AND SURCHARGE) ACT 2000,18/08/2000,31/08/2000,01/11/2000,
200,604,PUBLIC SERVICE TRIBUNAL (DISSOLUTION) ACT 2000,18/08/2000,31/08/2000,01/01/2000,
200,603,ANTI-PERSONNEL MINES CONVENTION IMPLEMENTATION ACT 2000,30/05/2000,15/06/2000,01/10/1999,
200,602,GEOGRAPHICAL INDICATIONS ACT 2000,30/05/2000,15/06/2000,15/08/2001,
200,601,LAYOUT-DESIGNS OF INTEGRATED CIRCUITS ACT 2000,30/05/2000,15/06/2000,,
200,600,FINANCE ACT 2000,30/05/2000,15/06/2000,,https://lom.agc.gov.my/ilims/upload/portal/akta/outputaktap/612_BI/ACT 600.pdf
200,599,CONSUMER PROTECTION ACT 1999,27/08/1999,09/09/1999,15/11/1999,
200,598,STATUTORY BODIES (POWER TO BORROW) ACT 1999,27/08/1999,09/09/1999,10/09/1999,
200,597,HUMAN RIGHTS COMMISSION OF MALAYSIA ACT 1999,27/08/1999,09/09/1999,,https://lom.agc.gov.my/ilims/upload/portal/akta/outputaktap/609_BI/HUMAN RIGHTS COMMISSION OF MALAYSIA 1999_compressed (1).pdf
200,596,SOUTH INDIAN LABOUR FUND (DISSOLUTION) ACT 1999,27/08/1999,09/09/1999,19/11/1999,
200,595,CONSULAR RELATIONS (VIENNA CONVENTION) ACT 1999,27/08/1999,09/09/1999,01/11/1991,
200,594,TOURISM VEHICLES LICENSING ACT 1999,30/06/1999,08/07/1999,22/06/2000,
200,593,CRIMINAL PROCEDURE CODE,01/01/1927,01/01/1927,,https://lom.agc.gov.my/ilims/upload/portal/akta/outputaktap/605_BI/ACT 593 (2).pdf
200,592,WINDFALL PROFIT LEVY ACT 1998,24/12/1998,31/12/1998,01/01/1999,https://lom.agc.gov.my/ilims/upload/portal/akta/outputaktap/604_BI/Act 592 Act Asal.pdf
200,591,FINANCE (NO. 2) ACT 1998,24/12/1998,31/12/1998,,https://lom.agc.gov.my/ilims/upload/portal/akta/outputaktap/603_BI/ACT 591.pdf
200,590,FRANCHISE ACT 1998,24/12/1998,31/12/1998,08/10/1999,https://lom.agc.gov.my/ilims/upload/portal/akta/outputaktap/602_BI/ACT 590.pdf
200,589,MALAYSIAN COMMUNICATIONS AND MULTIMEDIA COMMISSION ACT 1998,23/09/1998,15/10/1998,01/11/1998,
200,588,COMMUNICATIONS AND MULTIMEDIA ACT 1998,23/09/1998,15/10/1998,28/09/1967,
200,587,PENGURUSAN DANAHARTA NASIONAL BERHAD ACT 1998,29/08/1998,01/09/1998,01/09/1998,
200,586,PRIVATE HEALTHCARE FACILITIES AND SERVICES ACT 1998,18/08/1998,27/08/1998,01/05/2006,
200,585,SYARIAH COURT CIVIL PROCEDURE (FEDERAL TERRITORIES) ACT 1998,10/08/1998,27/08/1998,,
200,584,TEACHERS' SUPERANNUATION FUND (SABAH) (DISSOLUTION) ACT 1998,25/06/1998,09/07/1998,,
200,583,FEES (NATIONAL PLANETARIUM) (VALIDATION) ACT 1998,25/06/1998,09/07/1998,,
200,582,MALAYSIAN PALM OIL BOARD ACT 1998,25/06/1998,09/07/1998,01/05/2000,
200,581,WATER SUPPLY (FEDERAL TERRITORY OF KUALA LUMPUR) ACT 1998,04/03/1998,19/03/1998,,
200,580,COUNSELLORS ACT 1998,04/03/1998,19/03/1998,01/12/1998,
200,579,LABUAN OFFSHORE SECURITIES INDUSTRY ACT 1998,04/03/1998,19/03/1998,01/04/1998,
200,578,FINANCE ACT 1998,04/03/1998,19/03/1998,,https://lom.agc.gov.my/ilims/upload/portal/akta/outputaktap/590_BI/ACT 578.pdf
200,577,MONEY-CHANGING ACT 1998,26/08/2011,15/09/2011,01/12/2011,
200,576,SPORTS DEVELOPMENT ACT 1997,12/09/1997,25/09/1997,,https://lom.agc.gov.my/ilims/upload/portal/akta/outputaktap/Warta Act 576.pdf
200,575,ANTI-CORRUPTION ACT 1997,12/09/1997,25/09/1997,08/01/1998,
200,574,PENAL CODE,07/08/1936,31/03/1976,,https://lom.agc.gov.my/ilims/upload/portal/akta/outputaktap/586_BI/ACT 574 PENAL CODE.pdf
200,573,JOINT SERVICE (ISLAMIC AFFAIRS OFFICERS) ACT 1997,07/07/1997,24/07/1997,,
200,572,CONTROL OF RENT (REPEAL) ACT 1997,07/07/1997,27/07/1997,,
200,571,BANK SIMPANAN NASIONAL BERHAD ACT 1997,07/07/1997,24/07/1997,,
300,570,NATIONAL LAND REHABILITATION AND CONSOLIDATION AUTHORITY (SUCCESSION AND DISSOLUTION) ACT 1997,18/06/1997,30/06/1997,01/09/1997,https://lom.agc.gov.my/Salinan Warta Akta 570 (1).pdf
300,569,LEMBAGA KEMAJUAN PAHANG TENGGARA (DISSOLUTION) ACT 1997,18/06/1997,30/06/1997,01/11/2000,
300,568,LEMBAGA KEMAJUAN JOHOR TENGGARA (DISSOLUTION) ACT 1997,18/06/1997,30/06/1997,,
300,567,LEMBAGA KEMAJUAN WILAYAH JENGKA (DISSOLUTION) ACT 1997,18/06/1997,30/06/1997,02/10/2000,
300,566,PERBADANAN TABUNG PENDIDIKAN TINGGI NASIONAL ACT 1997,18/06/1997,30/06/1997,01/07/1997,
300,565,LABUAN OFFSHORE LIMITED PARTNERSHIPS ACT 1997,31/01/2010,11/02/2010,11/02/2010,
300,564,TELEMEDICINE ACT 1997,18/06/1997,30/06/1997,,https://lom.agc.gov.my/Warta Akta 564 Asal.pdf
300,563,COMPUTER CRIMES ACT 1997,18/06/1997,30/06/1997,01/06/2000,
300,562,DIGITAL SIGNATURE ACT 1997,18/06/1997,30/06/1997,01/10/1998,
300,561,SYARIAH COURT EVIDENCE (FEDERAL TERRITORIES) ACT 1997,18/06/1997,30/06/1997,,
300,560,SYARIAH CRIMINAL PROCEDURE (FEDERAL TERRITORIES) ACT 1997,27/03/1997,31/03/1997,,
300,559,SYARIAH CRIMINAL OFFENCES (FEDERAL TERRITORIES) ACT 1997,27/03/1997,31/03/1997,,
300,558,FINANCIAL REPORTING ACT 1997,06/02/1997,06/03/1997,06/03/1997,
300,557,FINANCE ACT 1997,06/02/1997,06/03/1997,,https://lom.agc.gov.my/ilims/upload/portal/akta/outputaktap/569_BI/ACT 557.pdf
300,556,LEMBAGA AKREDITASI NEGARA ACT 1996,29/08/2007,30/08/2007,01/11/2007,
300,555,PRIVATE HIGHER EDUCATIONAL INSTITUTIONS ACT 1996,13/09/1996,26/09/1996,,https://lom.agc.gov.my/ilims/upload/portal/akta/outputaktap/Gazette Act 555.pdf
300,554,LABUAN OFFSHORES TRUSTS ACT 1996,13/09/1996,26/09/1996,31/10/1996,
300,553,INSURANCE ACT 1996,15/09/1996,26/09/1996,,
300,552,INDUSTRIAL DESIGNS ACT 1996,13/09/1996,26/09/1996,01/09/1996,
300,551,MALAYSIAN RUBBER BOARD (INCORPORATION) ACT 1996,02/09/1996,12/09/1996,01/01/1998,
300,550,EDUCATION ACT 1996,15/07/1996,01/08/1996,31/12/1997,https://lom.agc.gov.my/ilims/upload/portal/akta/outputaktap/Warta Act 550 Original.pdf
300,549,STANDARDS OF MALAYSIA ACT 1996,15/07/1996,25/07/1996,01/09/1996,https://lom.agc.gov.my/ilims/upload/portal/akta/outputaktap/Standards of Malysia Act 1966 Original.pdf
300,548,PERBADANAN PEMBANGUNAN BANDAR (SUCCESSOR COMPANY) ACT 1996,15/07/1996,25/07/1996,01/09/1996,https://lom.agc.gov.my/ilims/upload/portal/akta/outputaktap/560_BI/ACT 548.pdf
300,547,PERBADANAN PEMBANGUNAN BANDAR (DISSOLUTION) ACT 1996,15/07/1996,25/07/1996,01/09/1996,https://lom.agc.gov.my/ilims/upload/portal/akta/outputaktap/559_BI/Act 547.pdf
300,546,NATIONAL COUNCIL ON HIGHER EDUCATION ACT 1996,30/05/1996,06/06/1996,01/09/1996,https://lom.agc.gov.my/Salinan Akta 546.pdf
300,545,LABUAN FINANCIAL SERVICES AUTHORITY ACT 1996,24/01/1996,01/02/1996,15/02/1996,
300,544,FINANCE ACT 1996,24/01/1996,01/02/1996,,https://lom.agc.gov.my/ilims/upload/portal/akta/outputaktap/556_BI/ACT 544.pdf
300,543,PETROLEUM (INCOME TAX) ACT 1967,26/09/1967,28/09/1967,,https://lom.agc.gov.my/ilims/upload/portal/akta/outputaktap/555_BI/No. 45 of 1967 (ACT 543).pdf
300,542,TREASURE TROVE ACT 1957,15/12/1995,12/07/1995,,
300,541,FOREIGN REPRESENTATIVES (PRIVILEGES AND IMMUNITIES) ACT 1967,,,,
300,540,MALAYSIAN RED CRESCENT SOCIETY (INCORPORATION) ACT 1965,,,,
300,539,SMALL AND MEDIUM ENTERPRISES CORPORATION MALAYSIA ACT 1995,10/10/1995,02/11/1995,01/05/1996,
300,538,TOWN PLANNERS ACT 1995,19/10/1995,02/11/1995,01/01/1997,
300,537,PRISON ACT 1995,19/10/1995,02/11/1995,18/01/1996,
300,536,PERBADANAN PUTRAJAYA ACT 1995,19/10/1995,02/11/1995,01/03/1996,
300,535,TABUNG HAJI ACT 1995,07/02/1995,16/02/1995,01/06/1995,https://lom.agc.gov.my/Salinan Gazet Akta 535- ORIGINAL.pdf
300,534,MALAYAN RAILWAY PROVIDENT FUND (DISSOLUTION) ACT 1995,07/02/1995,16/02/1995,01/08/1995,
300,533,INLAND REVENUE BOARD OF MALAYSIA ACT 1995,07/02/1995,16/02/1995,01/03/1995,
300,532,PUBLIC TRUST CORPORATION ACT 1995,07/02/1995,16/02/1995,01/08/1995,
300,531,FINANCE ACT 1995,07/02/1995,16/02/1995,,https://lom.agc.gov.my/ilims/upload/portal/akta/outputaktap/543_BI/ACT 531.pdf
300,530,LAND (GROUP SETTLEMENT AREAS) ACT 1960,,,,
300,529,DIRECTOR GENERAL OF SOCIAL WELFARE (INCORPORATION) ACT 1948,,,,
300,528,PADI CULTIVATORS (CONTROL OF RENT AND SECURITY OF TENURE) ACT 1967,,08/12/1994,,
300,527,CARRIAGE OF GOODS BY SEA ACT 1950,,08/12/1994,,
300,526,RUBBER SHIPPING AND PACKING CONTROL ACT 1949,,,,
300,525,MINERAL DEVELOPMENT ACT 1994,29/08/1994,08/09/1994,01/08/1998,
300,524,ACADEMY OF SCIENCES MALAYSIA ACT 1994,29/08/1994,08/09/1994,01/02/1995,https://lom.agc.gov.my/Salinan Akta 524 - Sep 1994 Asal.pdf
300,523,LEMBAGA PADI DAN BERAS NEGARA (SUCCESSOR COMPANY) ACT 1994,24/06/1994,07/07/1994,07/07/1994,https://lom.agc.gov.my/Salinan Gazette Akta 523 - Julai 1994 Asal.pdf
300,522,CONTROL OF PADI AND RICE ACT 1994,24/06/1994,07/07/1994,07/07/1994,https://lom.agc.gov.my/ilims/upload/portal/akta/outputaktap/Act 522 - Original.pdf
300,521,DOMESTIC VIOLENCE ACT 1994,24/06/1994,07/07/1994,01/06/1996,https://lom.agc.gov.my/ilims/upload/portal/akta/outputaktap/Salinan Warta Act 521 - Jul 1994 Original.pdf
300,520,LEMBAGA PEMBANGUNAN INDUSTRI PEMBINAAN MALAYSIA ACT 1994,24/06/1994,07/07/1994,,
300,519,CENTRAL BANK OF MALAYSIA ACT 1958,,12/05/1994,,
300,518,NATIONAL LAND CODE (PENANG AND MALACCA TITLES) ACT 1963,,31/03/1994,,
300,517,CHENG HOON TENG TEMPLE (INCORPORATION) ACT 1949,,31/03/1994,,
300,516,NATIONAL ART GALLERY ACT 1959,,,,
300,515,MERCHANT SHIPPING (OIL POLLUTION) ACT 1994,15/02/1994,24/02/1994,06/04/1995,https://lom.agc.gov.my/ilims/upload/portal/akta/outputaktap/Act 515 - Merchant Shipping (Oil Pollution).pdf
300,514,OCCUPATIONAL SAFETY AND HEALTH ACT 1994,15/02/1994,24/02/1994,,
300,513,FINANCE ACT 1994,15/02/1994,24/02/1994,,https://lom.agc.gov.my/ilims/upload/portal/akta/outputaktap/525_BI/ACT 513.pdf
300,512,GENEVA CONVENTIONS ACT 1962,,30/09/1993,,
300,511,NATIONAL ARCHIVES ACT 1966,,,,
300,510,NATIONAL ASSOCIATION OF WOMEN'S INSTITUTES OF MALAYSIA INCORPORATION ACT 1958,,,,
300,509,SUBANG GOLF COURSE CORPORATION ACT 1968,,,,
300,508,SEWERAGE SERVICES ACT 1993,09/08/1993,16/09/1993,,
300,507,ABATTOIRS (PRIVATIZATION) ACT 1993,08/09/1993,16/09/1993,15/12/1993,https://lom.agc.gov.my/Salinan Warta Akta 507.pdf
300,506,CARE CENTRES ACT 1993,07/07/1993,15/07/1993,01/06/1994,https://lom.agc.gov.my/ilims/upload/portal/akta/outputaktap/518_BI/Act 506.pdf
300,505,ADMINISTRATION OF ISLAMIC LAW (FEDERAL TERRITORIES) ACT 1993,07/07/1993,15/07/1993,07/07/1993,https://lom.agc.gov.my/ilims/upload/portal/akta/outputaktap/517_BI/ACT 505.pdf
300,504,COUNTERVAILING AND ANTI-DUMPING DUTIES ACT 1993,07/07/1993,15/07/1993,28/04/1994,https://lom.agc.gov.my/ilims/upload/portal/akta/outputaktap/Act 504 warta.pdf
300,503,CAPITATION GRANT ACT 1993,22/01/1993,04/02/1993,01/01/1992,https://lom.agc.gov.my/ilims/upload/portal/akta/outputaktap/Act 503.pdf
300,502,CO-OPERATIVE SOCIETIES ACT 1993,22/01/1993,04/02/1993,22/01/1994,https://lom.agc.gov.my/ilims/upload/portal/akta/outputaktap/514_BI/ACT 502.pdf
300,501,GAS SUPPLY ACT 1993,22/01/1993,04/02/1993,17/07/1997,
300,500,DIRECT SALES AND ANTI-PYRAMID SCHEME ACT 1993,22/01/1993,04/02/1993,01/06/1993,
300,499,FUTURES INDUSTRY ACT 1993,22/01/1993,04/02/1993,01/03/1993,
300,498,SECURITIES COMMISSION ACT 1993,22/01/1993,04/02/1993,01/03/1993,https://lom.agc.gov.my/Akta Suruhanjaya Sekuriti 1993 [Akta 498].pdf
300,497,FINANCE ACT 1993,22/01/1993,04/02/1993,,https://lom.agc.gov.my/ilims/upload/portal/akta/outputaktap/509_BI/ACT 497.pdf
300,496,SOUTH INDIAN LABOUR FUND ACT 1958,,08/10/1992,,
300,495,BETTING ACT 1953,,08/10/1992,,
300,494,RACING (TOTALIZATOR BOARD) ACT 1961,,08/10/1992,,
300,493,ENTERTAINMENT (FEDERAL TERRITORY OF KUALA LUMPUR) ACT 1992,01/09/1992,03/09/1992,01/10/1993,https://lom.agc.gov.my/ilims/upload/portal/akta/outputaktap/Act 493 - Salinan Warta Entertainment  Act 1992 - Original (1992).pdf
300,492,ROMAN CATHOLIC BISHOPS (INCORPORATION) ACT 1957,,23/07/1992,,
300,491,HUMAN RESOURCES DEVELOPMENT ACT 1992,10/07/1992,16/07/1992,17/07/1992,
300,490,MALAYSIA EXTERNAL TRADE DEVELOPMENT CORPORATION ACT 1992,09/07/1992,16/07/1992,01/03/1993,https://lom.agc.gov.my/ilims/upload/portal/akta/outputaktap/Salinan Warta Act 490 - Original (1992).pdf
300,489,MAJLIS AMANAH RAKYAT ACT 1966,,12/03/1992,,
300,488,PORT AUTHORITIES ACT 1963,,12/03/1992,,
300,487,QUANTITY SURVEYORS ACT 1967,,12/03/1992,,
300,486,LAND ACQUISITION ACT 1960,,12/03/1992,,
300,485,INTERNATIONAL ORGANIZATIONS (PRIVILEGES AND IMMUNITIES) ACT 1992,30/01/1992,20/02/1992,16/03/1992,
300,484,LOANS (INTERNATIONAL FUND FOR AGRICULTURAL DEVELOPMENT) ACT 1992,30/01/1992,20/02/1992,21/02/1992,https://lom.agc.gov.my/Salinan Warta Akta 484 - Asal (1992).pdf
300,483,INTERNATIONAL FUND FOR AGRICULTURAL DEVELOPMENT ACT 1992,30/01/1992,20/02/1992,21/02/1992,
300,482,TOURISM INDUSTRY ACT 1992,30/01/1992,20/02/1992,01/05/1992,
300,481,MALAYSIA TOURISM PROMOTION BOARD ACT 1992,30/01/1992,20/02/1992,01/05/1992,
300,480,LEMBAGA PEMBANGUNAN LABUAN ACT 1992,30/01/1992,20/02/1992,16/03/1992,https://lom.agc.gov.my/ilims/upload/portal/akta/outputaktap/Act 480.pdf
300,479,EXTRADITION ACT 1992,30/01/1992,20/02/1992,21/02/1992,https://lom.agc.gov.my/Salinan warta Akta 479.pdf
300,478,REVOCATION OF EXEMPTION FROM PAYMENT OF STAMP DUTIES ACT 1992,30/01/1992,20/02/1992,21/02/1992,https://lom.agc.gov.my/ilims/upload/portal/akta/outputaktap/Act 478 Feb 1992.pdf
300,477,IMPORT DUTIES (VALIDATION) ACT 1992,30/01/1992,20/02/1992,21/02/1992,
300,476,FINANCE ACT 1992,30/01/1992,20/02/1992,,https://lom.agc.gov.my/ilims/upload/portal/akta/outputaktap/488_BI/ACT 476.pdf
300,475,RUBBER EXPORT REGISTRATION ACT 1966,,19/12/1991,,
300,474,LAND DEVELOPMENT ACT 1956,,26/09/1991,,
300,473,LOCAL GOVERNMENT ELECTIONS ACT 1960,,12/09/1991,,
300,472,BRETTON WOODS AGREEMENTS ACT 1957,,12/09/1991,,
300,471,NATIVE COURTS (CRIMINAL JURISDICTION) ACT 1991,02/09/1991,12/09/1991,13/09/1991,https://lom.agc.gov.my/ilims/upload/portal/akta/outputaktap/Native Courts (Criminal Jurisdiction) 1991 [Act 471].pdf
400,470,SOCIAL AND WELFARE SERVICES LOTTERIES BOARD (DISSOLUTION) ACT 1991,02/09/1991,12/09/1991,01/10/1992,
400,469,OPTICAL ACT 1991,02/09/1991,12/09/1991,01/02/1992,https://lom.agc.gov.my/ilims/upload/portal/akta/outputaktap/Gazette Act 469.pdf
400,468,CHILD PROTECTION ACT 1991,02/09/1991,12/09/1991,01/03/1992,
400,467,AIRPORT AND AVIATION SERVICES (OPERATING COMPANY) ACT 1991,02/09/1991,12/09/1991,01/11/1992,
400,466,POSTAL SERVICES (SUCCESSOR COMPANY) ACT 1991,02/09/1991,12/09/1991,01/01/1992,
400,465,POSTAL SERVICES ACT 1991,02/09/1991,12/09/1991,01/01/1992,https://lom.agc.gov.my/ilims/upload/portal/akta/outputaktap/Salinan Warta Postal Services Act 1991 [Act 465].pdf
400,464,RAILWAYS (SUCCESSOR COMPANY) ACT 1991,02/09/1991,12/09/1991,01/08/1992,
400,463,RAILWAYS ACT 1991,02/09/1991,12/09/1991,01/08/1992,
400,462,ASIAN DEVELOPMENT BANK ACT 1966,,18/07/1991,,
400,461,OFFENDERS COMPULSORY ATTENDANCE ACT 1954,,18/07/1991,,
400,460,KELANTAN LAND SETTLEMENT ACT 1955,,04/07/1991,,
400,459,LOANS (CENTRAL BANK OF MALAYSIA) ACT 1960,,11/04/1991,,
400,458,LICENSED LAND SURVEYORS ACT 1958,01/05/1958,11/04/1991,,https://lom.agc.gov.my/ilims/upload/portal/akta/outputaktap/470_BI/ACT 458.pdf
400,457,METHODIST CHURCH IN MALAYSIA ACT 1955,,11/04/1991,,
400,456,GIRL GUIDES ACT 1953,,11/04/1991,,
400,455,TIN INDUSTRY (RESEARCH AND DEVELOPMENT) FUND ACT 1953,,11/04/1991,,
400,454,PENSIONS TRUST FUND ACT 1991,28/03/1991,11/04/1991,01/06/1991,
400,453,SECURITIES INDUSTRY (CENTRAL DEPOSITORIES) ACT 1991,28/03/1991,11/04/1991,15/03/1992,
400,452,EMPLOYEES PROVIDENT FUND ACT 1991,28/03/1991,11/04/1991,01/06/1991,
400,451,FINANCE ACT 1991,28/03/1991,11/04/1991,12/04/1991,https://lom.agc.gov.my/ilims/upload/portal/akta/outputaktap/463_BI/ACT 451.pdf
400,450,MARRIED WOMEN ACT 1957,,22/11/1990,,
400,449,BERNAMA ACT 1967,,25/10/1990,06/04/1967,
400,448,ELECTRICITY SUPPLY (SUCCESSOR COMPANY) ACT 1990,22/08/1990,30/08/1990,01/09/1990,
400,447,ELECTRICITY SUPPLY ACT 1990,22/08/1990,30/08/1990,01/09/1990,https://lom.agc.gov.my/ilims/upload/portal/akta/outputaktap/459_BI/447 ELECTRIC 1990 BI.pdf
400,446,WORKERS' MINIMUM STANDARDS OF HOUSING AND AMENITIES ACT 1990,22/08/1990,30/08/1990,01/12/1990,https://lom.agc.gov.my/ilims/upload/portal/akta/outputaktap/Gazette 446.pdf
400,445,LABUAN BUSINESS ACTIVITY TAX ACT 1990,22/08/1990,30/08/1990,01/10/1990,https://lom.agc.gov.my/ilims/upload/portal/akta/outputaktap/457_BI/ACT 445.pdf
400,444,OFFSHORE INSURANCE ACT 1990,22/08/1990,30/08/1990,01/10/1990,
400,443,OFFSHORE BANKING ACT 1990,22/08/1990,30/08/1990,01/10/1990,
400,442,LABUAN TRUST COMPANIES ACT 1990,22/08/1990,30/08/1990,01/10/1990,
400,441,LABUAN COMPANIES ACT 1990,22/08/1990,30/08/1990,01/10/1990,
400,440,MALAYSIA-THAILAND JOINT AUTHORITY ACT 1990,22/08/1990,30/08/1990,23/01/1991,
400,439,SERI PAHLAWAN GAGAH PERKASA (REMEMBRANCE ALLOWANCE) ACT 1990,23/04/1990,10/05/1990,11/05/1990,
400,438,FREE ZONES ACT 1990,23/04/1990,10/05/1990,05/09/1991,https://lom.agc.gov.my/ilims/upload/portal/akta/outputaktap/450_BI/ACT 438 - asal.pdf
400,437,CO-OPERATIVE COLLEGE (INCORPORATION) ACT 1968,11/09/1968,29/03/1990,01/11/1968,https://lom.agc.gov.my/ilims/upload/portal/akta/outputaktap/449_BI/ACT NO 35 OF 1968 - ASAL.pdf
400,436,MIDWIVES ACT 1966,16/07/1954,29/03/1990,,
400,435,ESTATE HOSPITAL ASSISTANTS (REGISTRATION) ACT 1965,,29/03/1990,,
400,434,CINEMATOGRAPH FILEM-HIRE DUTY ACT 1965,,29/03/1990,,
400,433,MERDEKA STADIUM CORPORATION ACT 1963,,29/03/1990,,
400,432,VISITING FORCES ACT 1960,,29/03/1990,,
400,431,INTERNATIONAL DEVELOPMENT ASSOCIATION ACT 1960,,29/03/1990,,
400,430,COIN (IMPORT AND EXPORT) ACT 1957,,29/03/1990,,
400,429,COUNTERFEIT COIN ACT 1957,,29/03/1990,,
400,428,INTERNATIONAL FINANCE CORPORATION ACT 1957,,29/03/1990,,
400,427,PINEAPPLE INDUSTRY ACT 1957,,29/03/1990,,
400,426,GOVERNMENT TRUSTEE SECURITIES ACT 1957,,29/03/1990,,
400,425,NATIONAL SERVICE ACT 1952,,29/03/1990,,
400,424,POWERS OF ATTORNEY ACT 1949,,29/03/1990,,
400,423,LEMBAGA PEMBANGUNAN LANGKAWI ACT 1990,08/02/1990,22/02/1990,15/03/1990,
400,422,PORTS (PRIVATISATION) ACT 1990,08/02/1990,22/02/1990,02/04/1990,https://lom.agc.gov.my/ilims/upload/portal/akta/outputaktap/Act 422 (Gazzette 1990).pdf
400,421,FINANCE (NO. 2) ACT 1990,08/02/1990,22/02/1990,,https://lom.agc.gov.my/ilims/upload/portal/akta/outputaktap/433_BI/ACT 421.pdf
400,420,FINANCE ACT 1990,08/02/1990,22/02/1990,,https://lom.agc.gov.my/ilims/upload/portal/akta/outputaktap/432_BI/ACT 420.pdf
400,419,PORT WORKERS (REGULATION OF EMPLOYMENT) ACT 1965,,21/12/1989,,
400,418,WATERS ACT 1920,,21/12/1989,,
400,417,MALAYSIAN COMBINED CADET FORCE ACT 1967,,21/12/1989,,
400,416,TOLLS (ROADS AND BRIDGES) ACT 1965,,21/12/1989,,
400,415,STATISTICS ACT 1965,,21/12/1989,,
400,414,EMBLEMS AND NAMES (PREVENTION OF IMPROPER USE) ACT 1963,,21/12/1989,,
400,413,SERVICE LANDS ACT 1963,,21/12/1989,,
400,412,LOAN GUARANTEE ACT 1963,,21/12/1989,,
400,411,LOANS (INTERNATIONAL BANK) ACT 1958,,07/12/1989,,https://lom.agc.gov.my/Akta 411 Disemak 1989.pdf
400,410,LOANS (ASIAN DEVELOPMENT BANK) ACT 1968,,07/12/1989,16/09/1968,
400,409,SCOUTS ASSOCIATION OF MALAYSIA (INCORPORATION) ACT 1968,,07/12/1989,21/11/1968,
400,408,MALAYSIA PRODUCTIVITY CORPORATION (INCORPORATION) ACT 1966,,07/12/1989,01/03/1966,
400,407,RUBBER RESEARCH INSTITUTE OF MALAYSIA ACT 1966,,07/12/1989,,
400,406,DEVELOPMENT FUNDS ACT 1966,,07/12/1989,01/01/1967,
400,405,EXTENDED CREDIT ACT 1966,,07/12/1989,31/03/1966,
400,404,RACING CLUB (PUBLIC SWEEPSTAKES) ACT 1965,,07/12/1989,,https://lom.agc.gov.my/Draf Terjemahan Akta 404 - Diluluskan PPPUU 14.2.2019 kemas kini format.pdf
400,403,EXTERNAL LOANS ACT 1963,,07/12/1989,,
400,402,MALAYSIAN RUBBER EXCHANGE (INCORPORATION) ACT 1962,,12/07/1989,,
400,401,MALAYSIAN RUBBER RESEARCH AND DEVELOPMENT FUND ACT 1958,,,,
400,400,MONEYLENDERS ACT 1951,,,,
400,399,TITLES OF OFFICE ACT 1949,,,,
400,398,NATIONAL LAND REHABILATATION AND CONSOLIDATION AUTHORITY (INCORPORATION) ACT 1966,,,01/04/1066,
400,397,MALAYSIAN INDUSTRIAL DEVELOPMENT AUTHORITY (INCORPORATION) ACT 1965,,,,
400,396,ASSIGNMENT OF EXPORT DUTY (MINERAL ORES) ACT 1964,,,01/10/1964,
400,395,ASSIGNMENT OF REVENUE (EXPORT DUTY ON IRON ORE) ACT 1962,,16/11/1989,26/07/1962,
400,394,PARLIAMENTARY SERVICE ACT 1963,,11/09/1989,,
400,393,SERVICE COMMISSIONS ACT 1957,,,,
400,392,CONVENTION ON THE SETTLEMENT OF INVESTMENT DISPUTES ACT 1966,,,,
400,391,FEDERAL HOUSING ACT 1965,,,30/09/1965,
400,390,NATIONAL ANTHEM ACT 1965,,,,
400,389,TUNKU ABDUL RAHMAN FOUNDATION FUND ACT 1966,,,28/07/1966,
400,388,INTERPRETATION ACTS 1948 AND 1967,,,,
400,387,ATTESTATION OF REGISTRABLE INSTRUMENTS (MINING) ACT 1960,,,05/05/1960,
400,386,IRRIGATION AREAS ACT 1953,,,,
400,385,LAND CONSERVATION ACT 1960,,,,
400,384,POOL BETTING ACT 1967,,,,
400,383,PUBLIC AUTHORITIES (CONTROL OF BORROWING POWERS) ACT 1961,,,14/01/1961,
400,382,SALE OF GOODS ACT 1957,21/09/1989,14/09/1989,,
400,381,REGISTRATION OF GUESTS ACT 1965,,,01/10/1965,
400,380,INCORPORATION (STATE LEGISLATURES COMPETENCY) ACT 1962,,,,
400,379,DEGREES AND DIPLOMAS ACT 1962,,,01/01/1962,
400,378,STAMP ACT 1949,30/11/1949,05/12/1949,20/11/2024,https://lom.agc.gov.my/ilims/upload/portal/akta/outputaktap/390_BI/No. 59 of 1949 and No. 5 of 1967 (ACT 378) (1).pdf
400,377,RESTRICTED RESIDENCE ACT 1933,,,,
400,376,FEDERAL ROADS ACT 1959,,31/08/1989,,
400,375,MINISTER OF FINANCE (INCORPORATION) ACT 1957,,,26/08/1957,
400,374,TIMBALAN YANG DI-PERTUAN AGONG (REMUNERATION) ACT 1958,,,22/03/1958,
400,373,YANG DI-PERTUAN AGONG (EXERCISE OF FUNCTIONS) ACT 1957,,,30/12/1957,
400,372,BANKING AND FINANCIAL INSTITUTIONS ACT 1989,23/08/1989,24/08/1989,,
400,371,REGISTRATION OF PHARMACISTS ACT 1951,22/12/1951,01/02/1952,,https://lom.agc.gov.my/ilims/upload/portal/akta/outputaktap/383_BI/Act 371 - asal.pdf
500,370,UNCLAIMED MONEYS ACT 1965,,,,https://lom.agc.gov.my/ilims/upload/portal/akta/outputaktap/Act 370 - asal.pdf
500,369,HOLIDAYS ACT 1951,,,31/12/1951,https://lom.agc.gov.my/ilims/upload/portal/akta/outputaktap/Act 369 - asal.pdf
500,368,SALE OF DRUGS ACT 1952,,22/06/1989,,https://lom.agc.gov.my/ilims/upload/portal/akta/outputaktap/Act 368 - asal.pdf
500,367,MALAYSIAN CHAMBER OF MINES INCORPORATION ACT 1914,,,,https://lom.agc.gov.my/ilims/upload/portal/akta/outputaktap/Act 367 - asal.pdf
500,366,POISONS ACT 1952,,,,https://lom.agc.gov.my/ilims/upload/portal/akta/outputaktap/Act 366 - Asal.pdf
500,365,KIDNAPPING ACT 1961,,,,https://lom.agc.gov.my/ilims/upload/portal/akta/outputaktap/Act 365 - asal.pdf
500,364,FINANCE ACT 1988,31/12/1988,05/01/1989,,https://lom.agc.gov.my/ilims/upload/portal/akta/outputaktap/376_BI/ACT 364.pdf
500,363,CONTROL OF RENT ACT 1966,,,01/01/1967,https://lom.agc.gov.my/ilims/upload/portal/akta/outputaktap/Act 363 - asal.pdf
500,362,TIN CONTROL ACT 1954,,,01/07/1956,https://lom.agc.gov.my/ilims/upload/portal/akta/outputaktap/01.Act 362 - original.pdf
500,361,CUSTOMS (DUMPING AND SUBSIDIES) ACT 1959,,,02/04/1959,https://lom.agc.gov.my/ilims/upload/portal/akta/outputaktap/01.Act 361- original.pdf
500,360,INSOLVENCY ACT 1967,,,,https://lom.agc.gov.my/ilims/upload/portal/akta/outputaktap/01. Act 360 - original.pdf
500,359,GOVERNMENT PROCEEDINGS ACT 1956,,,,https://lom.agc.gov.my/ilims/upload/portal/akta/outputaktap/01.Act 359 -  original.pdf
500,358,DELEGATION OF POWERS ACT 1956,,,,https://lom.agc.gov.my/ilims/upload/portal/akta/outputaktap/01.Act 358 - original.pdf
500,357,CORROSIVE AND EXPLOSIVE SUBSTANCES AND OFFENSIVE WEAPONS ACT 1958,,,,https://lom.agc.gov.my/ilims/upload/portal/akta/outputaktap/01.Act 357- original.pdf
500,356,MARRIED WOMEN AND CHILDREN (ENFORCEMENT OF MAINTENANCE) ACT 1968,,,,https://lom.agc.gov.my/ilims/upload/portal/akta/outputaktap/01.Act 356 -original.pdf
500,355,SYARIAH COURTS (CRIMINAL JURISDICTION) ACT 1965,,,01/04/1965,https://lom.agc.gov.my/ilims/upload/portal/akta/outputaktap/01.Act 355 - Original.pdf
500,354,DRAINAGE WORKS ACT 1954,,,25/02/1954,https://lom.agc.gov.my/ilims/upload/portal/akta/outputaktap/01. Act 354 - Original.pdf
500,353,EMPLOYMENT (RESTRICTION) ACT 1968,09/11/1968,07/01/1969,,https://lom.agc.gov.my/ilims/upload/portal/akta/outputaktap/AKTA IBU 353 BI.pdf
500,352,POPULATION AND FAMILY DEVELOPMENT ACT 1966,28/04/1966,28/04/1966,,https://lom.agc.gov.my/ilims/upload/portal/akta/outputaktap/AKTA IBU 352.pdf
500,351,GUARDIANSHIP OF INFANTS ACT 1961,03/09/1961,03/09/1961,,https://lom.agc.gov.my/ilims/upload/portal/akta/outputaktap/AKTA IBU 351.pdf
500,350,CHILDREN AND YOUNG PERSONS (EMPLOYMENT) ACT 1966,28/04/1966,28/04/1966,,https://lom.agc.gov.my/ilims/upload/portal/akta/outputaktap/AKTA IBU 350.pdf
500,349,FEDERAL LANDS COMMISSIONER ACT 1957,24/08/1957,27/08/1957,,https://lom.agc.gov.my/ilims/upload/portal/akta/outputaktap/361_BI/NO. 44 OF 1957 (ACT 349 - ASAL).pdf
500,348,DIPLOMATIC AND CONSULAR OFFICERS (OATHS AND FEES) ACT 1959,31/12/1959,31/12/1959,,https://lom.agc.gov.my/ilims/upload/portal/akta/outputaktap/AKTA IBU 348.pdf
500,347,HOUSES OF PARLIAMENT (PRIVILEGES AND POWERS) ACT 1952,23/05/1952,29/09/1952,29/05/1952,https://lom.agc.gov.my/ilims/upload/portal/akta/outputaktap/Akta Ibu.pdf
500,346,WILLS ACT 1959,04/01/1960,04/01/1960,,https://lom.agc.gov.my/ilims/upload/portal/akta/outputaktap/Warta Asal.pdf
500,345,CRIMINAL JUSTICE ACT 1953,25/04/1953,30/04/1953,,https://lom.agc.gov.my/ilims/upload/portal/akta/outputaktap/Ordinance No. 14 Tahun 1953-Akta Ibu.pdf
500,344,POLICE ACT 1967,01/09/1988,29/09/1988,29/08/1967,https://lom.agc.gov.my/ilims/upload/portal/akta/outputaktap/356_BI/ACT 344 POLICE 1967_unlocked.pdf
500,343,MALAYSIAN COCOA BOARD (INCORPORATION) ACT 1988,13/08/1988,08/09/1988,,https://lom.agc.gov.my/ilims/upload/portal/akta/outputaktap/Act 343.pdf
500,342,PREVENTION AND CONTROL OF INFECTIOUS DISEASES ACT 1988,12/08/1988,08/09/1988,05/05/2021,https://lom.agc.gov.my/ilims/upload/portal/akta/outputaktap/Act 342.pdf
500,341,FIRE SERVICES ACT 1988,11/05/1988,09/06/1988,01/01/1989,https://lom.agc.gov.my/ilims/upload/portal/akta/outputaktap/353_BI/Act 341.pdf
500,340,DANGEROUS DRUGS (FORFEITURE OF PROPERTY) ACT 1988,11/05/1988,09/06/1988,10/06/1988,https://lom.agc.gov.my/ilims/upload/portal/akta/outputaktap/Act 340.pdf
500,339,NATIONAL TRUST FUND ACT 1988,06/02/1988,18/02/1988,19/02/1988,https://lom.agc.gov.my/ilims/upload/portal/akta/outputaktap/ACT 339 thn 1988.pdf
500,338,BROADCASTING ACT 1988,02/06/1988,18/02/1988,,https://lom.agc.gov.my/ilims/upload/portal/akta/outputaktap/Act 338 (Repealed).pdf
500,337,FINANCE ACT 1987,17/12/1987,31/12/1987,01/01/1988,https://lom.agc.gov.my/ilims/upload/portal/akta/outputaktap/349_BI/ACT 337.pdf
500,336,MINOR OFFENCES ACT 1955,,,,https://lom.agc.gov.my/ilims/upload/portal/akta/outputaktap/No. 3 of 1955.pdf
500,335,SOCIETIES ACT 1966,,08/10/1987,08/10/1987,https://lom.agc.gov.my/ilims/upload/portal/akta/outputaktap/Act No. 13 of 1966.pdf
500,334,COMMERCIAL VEHICLES LICENSING BOARD ACT 1987,30/08/1987,24/09/1987,31/01/2011,https://lom.agc.gov.my/ilims/upload/portal/akta/outputaktap/ACT 334 (ORIGINAL).pdf
500,333,ROAD TRANSPORT ACT 1987,30/08/1987,24/09/1987,24/06/2024,https://lom.agc.gov.my/ilims/upload/portal/akta/outputaktap/345_BI/ACT 333 - ASAL.pdf
500,332,COPYRIGHT ACT 1987,30/04/1987,21/05/1987,01/12/1987,https://lom.agc.gov.my/ilims/upload/portal/akta/outputaktap/ACT 332 (ORIGINAL).pdf
500,331,DEPOSIT OF LIBRARY MATERIAL ACT 1986,29/12/1986,31/12/1986,,https://lom.agc.gov.my/ilims/upload/portal/akta/outputaktap/ACT 331 (ORIGINAL).pdf
500,330,FINANCE (BANKING AND FINANCIAL INSTITUTIONS) ACT 1986,29/12/1986,31/12/1986,,https://lom.agc.gov.my/ilims/upload/portal/akta/outputaktap/ACT 330 (ORIGINAL).pdf
500,329,FINANCE (NO. 2) ACT 1986,29/12/1986,31/12/1986,,https://lom.agc.gov.my/ilims/upload/portal/akta/outputaktap/ACT 329 (ORIGINAL).pdf
500,328,FINANCE ACT 1986,29/12/1986,31/12/1986,,https://lom.agc.gov.my/ilims/upload/portal/akta/outputaktap/340_BI/ACT 328.pdf
500,327,PROMOTION OF INVESTMENTS ACT 1986,07/05/1986,15/05/1986,01/01/1986,https://lom.agc.gov.my/ilims/upload/portal/akta/outputaktap/Act 327.pdf
500,326,PRINTING OF QUR'ANIC TEXTS ACT 1986,07/05/1986,15/05/1986,01/01/1987,https://lom.agc.gov.my/ilims/upload/portal/akta/outputaktap/01.ACT 326 (ORIGINAL).pdf
500,325,KEDAH AND PENANG (ALTERATION OF BOUNDARY) ACT 1985,31/12/1985,09/01/1985,01/06/1986,https://lom.agc.gov.my/ilims/upload/portal/akta/outputaktap/Original_Act 325.pdf
500,324,COMMODITIES TRADING ACT 1985,31/12/1985,09/01/1986,01/09/1986,https://lom.agc.gov.my/ilims/upload/portal/akta/outputaktap/Act 324_warta.pdf
500,323,FINANCE (NO. 2) ACT 1985,31/12/1985,09/01/1986,,https://lom.agc.gov.my/ilims/upload/portal/akta/outputaktap/335_BI/ACT 323.pdf
500,322,TELECOMMUNICATION SERVICES (SUCCESSOR COMPANY) ACT 1985,06/09/1985,12/09/1985,01/01/1987,https://lom.agc.gov.my/ilims/upload/portal/akta/outputaktap/Original_Act 322.pdf
500,321,RUBBER STATUTORY BODIES ACT 1985,06/09/1985,12/09/1985,10/10/1985,https://lom.agc.gov.my/ilims/upload/portal/akta/outputaktap/Original_Act 321.pdf
500,320,CONVENTION ON THE RECOGNITION AND ENFORCEMENT OF FOREIGN ARBITRAL AWARDS ACT 1985,22/05/1985,30/05/1985,,https://lom.agc.gov.my/ilims/upload/portal/akta/outputaktap/Act 320_warta.pdf
500,319,MALAYSIAN FORESTRY RESEARCH AND DEVELOPMENT BOARD ACT 1985,22/05/1985,30/05/1985,01/10/1985,https://lom.agc.gov.my/ilims/upload/portal/akta/outputaktap/Salinan Warta Malaysian Forestry Research and Development Board Act 1985 [Act 319].pdf
500,318,STRATA TITLES ACT 1985,22/05/1985,30/05/1985,25/10/2023,https://lom.agc.gov.my/ilims/upload/portal/akta/outputaktap/Original_Act 318.pdf
500,317,FISHERIES ACT 1985,22/05/1985,30/05/1985,,https://lom.agc.gov.my/ilims/upload/portal/akta/outputaktap/Original _Act 317.pdf
500,316,DANGEROUS DRUGS (SPECIAL PREVENTIVE MEASURES) ACT 1985,22/05/1985,30/05/1985,15/06/1985,https://lom.agc.gov.my/ilims/upload/portal/akta/outputaktap/ACT 316 (WARTA IBU).pdf
500,315,FINANCE ACT 1985,22/05/1985,30/05/1985,,https://lom.agc.gov.my/ilims/upload/portal/akta/outputaktap/327_BI/ACT 315.pdf
500,314,WOOD-BASED INDUSTRIES (STATE LEGISLATURES COMPETENCY) ACT 1984,24/12/1984,31/12/1984,01/01/1985,https://lom.agc.gov.my/ilims/upload/portal/akta/outputaktap/ACT 314  (WARTA IBU).pdf
500,313,NATIONAL FORESTRY ACT 1984,24/12/1984,31/12/1984,,https://lom.agc.gov.my/ilims/upload/portal/akta/outputaktap/ACT 313 (WARTA IBU).pdf
500,312,TAKAFUL ACT 1984,24/12/1984,31/12/1984,01/01/1985,https://lom.agc.gov.my/ilims/upload/portal/akta/outputaktap/ACT 312 (WARTA IBU).pdf
500,311,EXCLUSIVE ECONOMIC ZONE ACT 1984,24/12/1984,31/12/1984,01/05/1985,https://lom.agc.gov.my/ilims/upload/portal/akta/outputaktap/ACT 311 (WARTA IBU).pdf
500,310,SHARE (LAND BASED COMPANY) TRANSFER TAX ACT 1984,24/12/1984,31/12/1984,,
500,309,FINANCE ACT 1984,24/12/1984,31/12/1984,,https://lom.agc.gov.my/ilims/upload/portal/akta/outputaktap/321_BI/ACT 309.pdf
500,308,CHILD CARE CENTRE ACT 1984,04/09/1984,06/09/1984,01/03/1985,https://lom.agc.gov.my/ilims/upload/portal/akta/outputaktap/ACT 308 (WARTA IBU).pdf
500,307,AVIATION OFFENCES ACT 1984,04/09/1984,06/09/1984,,https://lom.agc.gov.my/ilims/upload/portal/akta/outputaktap/Act 307 - Original.pdf
500,306,FEDERAL ROADS (PRIVATE MANAGEMENT) ACT 1984,27/06/1984,28/06/1984,29/06/1984,https://lom.agc.gov.my/ilims/upload/portal/akta/outputaktap/Act 306 - Original.pdf
500,305,NATIONAL DEFENCE FUND (DISSOLUTION AND TRANSFER) ACT 1984,27/06/1984,28/06/1984,05/10/1984,https://lom.agc.gov.my/ilims/upload/portal/akta/outputaktap/Act 305 - Original.pdf
500,304,ATOMIC ENERGY LICENSING ACT 1984,27/06/1984,28/06/1984,01/02/1985,https://lom.agc.gov.my/ilims/upload/portal/akta/outputaktap/Act 304 - Original.pdf
500,303,ISLAMIC FAMILY LAW (FEDERAL TERRITORY) ACT 1984,27/06/1984,28/06/1984,29/04/1987,https://lom.agc.gov.my/ilims/upload/portal/akta/outputaktap/Act 303 - Original.pdf
500,302,PETROLEUM (SAFETY MEASURES) ACT 1984,27/06/1984,28/06/1984,,https://lom.agc.gov.my/ilims/upload/portal/akta/outputaktap/Act 302 - Original.pdf
500,301,PRINTING PRESSES AND PUBLICATIONS ACT 1984,27/06/1984,27/06/1984,01/09/1984,https://lom.agc.gov.my/ilims/upload/portal/akta/outputaktap/Act 301 - Original.pdf
500,300,DISTRIBUTION ACT 1958,27/06/1984,28/06/1984,,https://lom.agc.gov.my/ilims/upload/portal/akta/outputaktap/Act 300 - original.pdf
500,299,BIRTHS AND DEATHS REGISTRATION ACT 1957,12/12/1957,29/12/1983,01/08/1958,https://lom.agc.gov.my/ilims/upload/portal/akta/outputaktap/Act 299 - Original.pdf
500,298,PROTECTED AREAS AND PROTECTED PLACES ACT 1959,,01/02/1960,,https://lom.agc.gov.my/ilims/upload/portal/akta/outputaktap/Ord. 33 of 1959.pdf
500,297,PREVENTION OF CRIME ACT 1959,,,01/04/1959,https://lom.agc.gov.my/ilims/upload/portal/akta/outputaktap/Act No. 6 of 1966.pdf
500,296,PUBLIC ORDER (PRESERVATION) ACT 1958,,,,https://lom.agc.gov.my/ilims/upload/portal/akta/outputaktap/Ord. 46 of 1958.pdf
500,295,MILITARY MANOEUVRES ACT 1983,28/12/1983,29/12/1983,01/10/1984,https://lom.agc.gov.my/ilims/upload/portal/akta/outputaktap/Act 295 asal.pdf
500,294,GOODS VEHICLE LEVY ACT 1983,28/12/1983,29/12/1983,01/01/1984,https://lom.agc.gov.my/ilims/upload/portal/akta/outputaktap/Act 294  asal.pdf
500,293,FINANCE ACT 1983,28/12/1983,29/12/1983,,https://lom.agc.gov.my/ilims/upload/portal/akta/outputaktap/305_BI/ACT 293.pdf
500,292,LEMBAGA KEMAJUAN TERNAKAN NEGARA (DISSOLUTION) ACT 1983,28/11/1983,15/12/1983,01/01/1985,https://lom.agc.gov.my/ilims/upload/portal/akta/outputaktap/Act 292 asal.pdf
500,291,PATENTS ACT 1983,28/11/1983,15/12/1983,01-10-1986,https://lom.agc.gov.my/ilims/upload/portal/akta/outputaktap/Act 291.pdf
500,290,MEDICINES (ADVERTISEMENT AND SALE) ACT 1956,31/03/1956,,01-10-1956,https://lom.agc.gov.my/ilims/upload/portal/akta/outputaktap/Ord. 10 of 1956.pdf
500,289,COMMON GAMING HOUSES ACT 1953,21/06/1953,25/06/1953,15/01/2002,https://lom.agc.gov.my/ilims/upload/portal/akta/outputaktap/Act 289 Asal Ord 26 y1953.pdf
500,288,LOTTERIES ACT 1952,23/12/1952,,30/12/1952,https://lom.agc.gov.my/ilims/upload/portal/akta/outputaktap/Act 288 Asal Ord. 86 y1952.pdf
500,287,CO-OPERATIVE SOCIETIES ACT 1948,18/08/1983,,,https://lom.agc.gov.my/ilims/upload/portal/akta/outputaktap/Act 287 Asal Ord. 33 y1948.pdf
500,286,DEFAMATION ACT 1957,27/06/1957,,,
500,285,LEMBAGA KEMAJUAN WILAYAH JENGKA ACT 1983,11/05/1983,12/05/1983,01/08/1983,https://lom.agc.gov.my/ilims/upload/portal/akta/outputaktap/ACT 285 Asal.pdf
500,284,RAJA-RAJA AND THE YANG DI-PERTUA-YANG DI-PERTUA NEGERI HIGHER STUDIES SCHOLARSHIP FUND ACT 1983,11/05/1983,12/05/1983,13/08/1983,https://lom.agc.gov.my/ilims/upload/portal/akta/outputaktap/Akta 285 Asal.pdf
500,283,DRUG DEPENDANTS (TREATMENT AND REHABILITATION) ACT 1983,13/04/1983,14/04/1983,16/04/1983,https://lom.agc.gov.my/ilims/upload/portal/akta/outputaktap/295_BI/ACT 283.pdf
500,282,LEMBAGA KEMAJUAN WILAYAH PULAU PINANG ACT 1983,09/03/1983,10/03/1983,01/06/1983,https://lom.agc.gov.my/ilims/upload/portal/akta/outputaktap/ACT 282 Asal.pdf
500,281,FOOD ACT 1983,09/03/1983,10/03/1983,01/10/1985,https://lom.agc.gov.my/ilims/upload/portal/akta/outputaktap/ACT 281 Asal.pdf
500,280,SECURITIES INDUSTRY ACT 1983,09/03/1983,10/03/1983,,https://lom.agc.gov.my/Akta 280 - Akta ibu.pdf
500,279,PERBADANAN PEMBEKALAN LETRIK SARAWAK ACT 1983,09/03/1983,10/03/1983,,https://lom.agc.gov.my/ilims/upload/portal/akta/outputaktap/Act 279 - Teks Bhs Inggeris.pdf
500,278,LEMBAGA LETRIK SABAH ACT 1983,09/03/1983,10/03/1983,01/01/1984,https://lom.agc.gov.my/ilims/upload/portal/akta/outputaktap/Act 278 - Teks Bhs Inggeris.pdf
500,277,ELECTRICAL INSPECTORATE ACT 1983,09/03/1983,10/03/1983,11/03/1983,https://lom.agc.gov.my/ilims/upload/portal/akta/outputaktap/Act 277 - Electrical Inspectorate Act 1983.pdf
500,276,ISLAMIC BANKING ACT 1983,09/03/1983,10/03/1983,07/04/1983,https://lom.agc.gov.my/ilims/upload/portal/akta/outputaktap/Act 276 - Islamic Banking Act 1983.pdf
500,275,GOVERNMENT FUNDING ACT 1983,09/03/1982,10/03/1982,11/03/1983,https://lom.agc.gov.my/ilims/upload/portal/akta/outputaktap/Act 275 - Teks Bahasa Inggeris.pdf
500,274,FINANCE (NO. 2) ACT 1982,30/12/1982,31/12/1982,,https://lom.agc.gov.my/ilims/upload/portal/akta/outputaktap/286_BI/ACT 274.pdf
500,273,WORKMEN'S COMPENSATION ACT 1952,,01/07/1982,,https://lom.agc.gov.my/ilims/upload/portal/akta/outputaktap/No. 85 of 1952 - The Workmen
500,272,EMPLOYEES PROVIDENT FUND ACT 1951,,01/07/1982,,"https://lom.agc.gov.my/ilims/upload/portal/akta/outputaktap/No. 21 of 1951 - The Employees Provident Fund Ordinance, 1951 (Akta Ibu).pdf"
500,271,ANTI-CORRUPTION AGENCY ACT 1982,30/04/1982,13/05/1982,14/05/1982,https://lom.agc.gov.my/ilims/upload/portal/akta/outputaktap/Act 271 - Teks Bhs Inggeris.pdf
600,270,ISTANA NEGARA (ROYAL ALLOWANCES) ACT 1982,30/04/1982,13/05/1982,01/07/1982,https://lom.agc.gov.my/ilims/upload/portal/akta/outputaktap/Act 270 - Original.pdf
600,269,CIVIL LIST ACT 1982,30/04/1982,13/05/1982,01/07/1981,https://lom.agc.gov.my/ilims/upload/portal/akta/outputaktap/Act 269 - Original.pdf
600,268,BILLS OF SALE ACT 1950,,15/04/1982,,https://lom.agc.gov.my/ilims/upload/portal/akta/outputaktap/Bills of Sale Ordinance F.M. Ord. 30 of 1950.pdf
600,267,FEDERAL TERRITORY (PLANNING) ACT 1982,09/03/1982,18/03/1982,,https://lom.agc.gov.my/ilims/upload/portal/akta/outputaktap/Act 267 - Original.pdf
600,266,FEDERAL TERRITORY (FINANCIAL ARRANGEMENT) ACT 1982,19/02/1982,22/02/1982,23/02/1982,https://lom.agc.gov.my/ilims/upload/portal/akta/outputaktap/Act 266 - Original.pdf
600,265,EMPLOYMENT ACT 1955,,28/01/1982,,
600,264,FINANCE ACT 1982,23/01/1982,28/01/1982,,https://lom.agc.gov.my/ilims/upload/portal/akta/outputaktap/276_BI/ACT 264.pdf
600,263,MARRIED WOMEN AND CHILDREN (MAINTENANCE) ACT 1950,,21/01/1982,,https://lom.agc.gov.my/ilims/upload/portal/akta/outputaktap/Ord. 36-1950 - Married Women and Children(Maintenance) Ord 1950.pdf
600,262,TRADE UNIONS ACT 1959,,21/01/1982,,https://lom.agc.gov.my/ilims/upload/portal/akta/outputaktap/Ord. 23-1959 - Trade Unions Ord. 1959.pdf
600,261,MALAYSIAN STANDARD TIME ACT 1981,28/12/1981,29/12/1981,01/01/1982,https://lom.agc.gov.my/ilims/upload/portal/akta/outputaktap/Act 261 - Original.pdf
600,260,HYDROGEN CYANIDE (FUMIGATION) ACT 1953,03/12/1981,03/12/1981,,https://lom.agc.gov.my/ilims/upload/portal/akta/outputaktap/272_BI/Act 260.pdf
600,259,INDECENT ADVERTISEMENTS ACT 1953,,03/12/1981,30/04/1953,
600,258,TRUSTEES (INCORPORATION) ACT 1952,,03/12/1981,30/12/1952,
600,257,ADOPTION ACT 1952,,03/12/1981,25/06/1953,
600,256,DEBTORS ACT 1957,,05/11/1981,16/02/1984,
600,255,DISTRESS ACT 1951,,05/11/1981,,
600,254,LIMITATION ACT 1953,,29/10/1981,,
600,253,REGISTRATION OF ADOPTIONS ACT 1952,,27/08/1981,,
600,252,SOCIAL AND WELFARE SERVICES LOTTERIES BOARD ACT 1950-62,11/12/1950,,,
600,251,PLANTERS' LOANS FUND (DISSOLUTION) ACT 1981,17/07/1981,23/07/1981,01/11/1981,https://lom.agc.gov.my/ilims/upload/portal/akta/outputaktap/Act 251- Original.pdf
600,250,FEDERATION LIGHT DUES ACT 1953,25/04/1953,,30/04/1953,
600,249,LEMBAGA KEMAJUAN WILAYAH KEDAH ACT 1981,27/05/1981,28/05/1981,29/05/1981,https://lom.agc.gov.my/ilims/upload/portal/akta/outputaktap/Gazette Act 249 (Original).pdf
600,248,INNKEEPERS ACT 1952,23/05/1952,,29/05/1952,
600,247,PUBLIC TRUSTEE ACT 1950,,01/04/1951,,
600,246,PRIVATE EMPLOYMENT AGENCIES ACT 1981,12/02/1981,19/02/1981,01/08/1981,
600,245,STATE GRANTS (MAINTENANCE OF LOCAL AUTHORITIES) ACT 1981,12/02/1981,19/02/1981,01/01/1978,
600,244,PERBADANAN KEMAJUAN FILEM NASIONAL MALAYSIA ACT 1981,12/02/1981,19/02/1981,,
600,243,BINTULU PORT AUTHORITY ACT 1981,04/02/1981,05/02/1981,,
600,242,"VALUERS, APPRAISERS AND ESTATE AGENTS ACT 1981",04/02/1981,05/02/1981,06/02/1981,
600,241,FINANCE ACT 1981,12/01/1981,15/01/1981,,https://lom.agc.gov.my/ilims/upload/portal/akta/outputaktap/253_BI/ACT 241.pdf
600,240,STATUTORY BODIES (ACCOUNTS AND ANNUAL REPORTS) ACT 1980,31/07/1980,07/08/1980,08/08/1980,
600,239,STATUTORY AND LOCAL AUTHORITIES PENSIONS ACT 1980,31/07/1980,07/08/1980,01/01/1976,https://lom.agc.gov.my/ilims/upload/portal/akta/outputaktap/251_BI/warta ACT 239.pdf
600,238,PENSIONS ADJUSTMENT ACT 1980,31/07/1980,07/08/1980,01/07/1980,https://lom.agc.gov.my/Akta 238.pdf
600,237,MEMBERS OF PARLIAMENT (REMUNERATION) ACT 1980,31/07/1980,07/08/1980,01/07/1980,https://lom.agc.gov.my/ilims/upload/portal/akta/outputaktap/Gazette Act 237.pdf
600,236,TREASURY DEPOSIT RECEIPTS ACT 1952,22/11/1952,,24/11/1952,https://lom.agc.gov.my/ilims/upload/portal/akta/outputaktap/ACT 236.pdf
600,235,CUSTOMS ACT 1967,13/10/1952,,02/11/1967,https://lom.agc.gov.my/ilims/upload/portal/akta/outputaktap/Act 235 original.pdf
600,234,DANGEROUS DRUGS ACT 1952,22/07/1952,24/07/1952,,https://lom.agc.gov.my/ilims/upload/portal/akta/outputaktap/246_BI/ACT 234 ASAL.pdf
600,233,LAND AND MINING PLANS AND DOCUMENTS (PHOTOGRAPHIC COPIES) ACT 1950,,,23/05/1950,https://lom.agc.gov.my/ilims/upload/portal/akta/outputaktap/ACT 233 original.pdf
600,232,CHILDREN AND YOUNG PERSONS ACT 1947,22/12/1947,26/06/1980,,https://lom.agc.gov.my/ilims/upload/portal/akta/outputaktap/Act 232- Original.pdf
600,231,HIGHWAY AUTHORITY MALAYSIA (INCORPORATION) ACT 1980,09/06/1980,12/06/1980,24/10/1980,https://lom.agc.gov.my/ilims/upload/portal/akta/outputaktap/243_BI/Warta asal Act 231.pdf
600,230,STATE WATER SUPPLY FUND (FINANCIAL AND ACCOUNTING PROCEDURE) ACT 1980,09/06/1980,12/06/1980,,https://lom.agc.gov.my/ilims/upload/portal/akta/outputaktap/Act 230- Original.pdf
600,229,COMMODITIES TRADING ACT 1980,09/06/1980,12/06/1980,01/03/1986,
600,228,PENSIONS RE-COMPUTATION ACT 1980,09/06/1980,12/06/1980,01/08/1968,https://lom.agc.gov.my/ilims/upload/portal/akta/outputaktap/Act 228- Original.pdf
600,227,PENSIONS ACT 1980,11/02/1980,28/02/1980,01/01/1976,https://lom.agc.gov.my/ilims/upload/portal/akta/outputaktap/239_BI/Act 227- Original.pdf
600,226,NATIONAL PARKS ACT 1980,11/02/1980,28/02/1980,29/02/1980,https://lom.agc.gov.my/ilims/upload/portal/akta/outputaktap/Act 226- Original.pdf
600,225,MALAYSIAN EXAMINATIONS COUNCIL ACT 1980,28/01/1980,31/01/1980,01/02/1980,https://lom.agc.gov.my/ilims/upload/portal/akta/outputaktap/Act 225- Original.pdf
600,224,FINANCE (ESTATE DUTY) ACT 1980,25/01/1980,20/02/1992,18/10/1979,https://lom.agc.gov.my/ilims/upload/portal/akta/outputaktap/Act 224- Original.pdf
600,223,SPECIAL PENSIONS (RAJA PERMAISURI AGONG) ACT 1979,16/08/1979,23/08/1979,01/04/1979,https://lom.agc.gov.my/ilims/upload/portal/akta/outputaktap/Act 223- Original.pdf
600,222,PERBADANAN KEMAJUAN KRAFTANGAN MALAYSIA ACT 1979,15/08/1979,23/08/1979,01/10/1979,https://lom.agc.gov.my/ilims/upload/portal/akta/outputaktap/Salinan Gazette Act 222.pdf
600,221,MALAYSIA CIVIL DEFENCE ACT 1951,08/03/1952,24/03/1952,,https://lom.agc.gov.my/ilims/upload/portal/akta/outputaktap/No 38 of 1951.pdf
600,220,WEEKLY HOLIDAYS ACT 1950,08/08/1950,01/10/1951,01/10/1951,https://lom.agc.gov.my/ilims/upload/portal/akta/outputaktap/No 47 of 1950.pdf
600,219,FINANCE (ESTATE DUTY) ACT 1979,19/02/1979,22/02/1979,01/03/1986,https://lom.agc.gov.my/ilims/upload/portal/akta/outputaktap/Act 219 Original.pdf
600,218,PALM OIL RESEARCH AND DEVELOPMENT ACT 1979,19/02/1979,22/02/1979,15/05/1979,https://lom.agc.gov.my/ilims/upload/portal/akta/outputaktap/Act 218 Original.pdf
600,217,DECLARATION OF AN AREA IN THE BINTULU DISTRICT TO BE A FEDERAL PORT ACT 1979,19/02/1979,22/02/1979,15/08/1981,https://lom.agc.gov.my/ilims/upload/portal/akta/outputaktap/Act 217 - Original.pdf
600,216,EMERGENCY (ESSENTIAL POWERS) ACT 1979,20/01/1979,25/01/1979,20/02/1971,https://lom.agc.gov.my/ilims/upload/portal/akta/outputaktap/Act 216 -Original.pdf
600,215,REGISTRATION OF UNITED KINGDOM PATENTS ACT 1951,24/05/1951,01/04/1953,01/04/1953,https://lom.agc.gov.my/ilims/upload/portal/akta/outputaktap/No. 9 of 1951.pdf
600,214,UNITED KINGDOM DESIGNS (PROTECTION) ACT 1949,30/11/1949,01/12/1949,01/12/1949,https://lom.agc.gov.my/ilims/upload/portal/akta/outputaktap/No 54 of 1949.pdf
600,213,DEWAN BAHASA DAN PUSTAKA ACT 1959,,01/08/1959,,https://lom.agc.gov.my/ilims/upload/portal/akta/outputaktap/No. 25 of 1959.pdf
600,212,HIRE - PURCHASE ACT 1967,,11/05/1967,,https://lom.agc.gov.my/ilims/upload/portal/akta/outputaktap/ori Act 212.pdf
600,211,POST OFFICE ACT 1947,,01/01/1947,,https://lom.agc.gov.my/ilims/upload/portal/akta/outputaktap/ori Act 211.pdf
600,210,FISHERIES ACT 1963,,21/01/1963,,https://lom.agc.gov.my/ilims/upload/portal/akta/outputaktap/ori Act 210.pdf
600,209,FEES ACT 1951,13/08/1951,23/08/1951,,https://lom.agc.gov.my/ilims/upload/portal/akta/outputaktap/ori Act 209.pdf
600,208,TRUSTEE ACT 1949,29/12/1949,26/10/1978,,https://lom.agc.gov.my/Salinan Warta Akta 208.pdf
600,207,EXPLOSIVES ACT 1957,28/07/1978,14/04/1983,,https://lom.agc.gov.my/Salinan Warta Akta Bahan Letupan 1957 [Akta 207].pdf
600,206,ARMS ACT 1960,12/05/1950,26/10/1978,,https://lom.agc.gov.my/ilims/upload/portal/akta/outputaktap/Act 206 BI.pdf
600,205,PRESUMPTION OF SURVIVORSHIP ACT 1950,12/05/1950,11/05/1978,,https://lom.agc.gov.my/Salinan Warta Akta Anggapan Kepenakatan 950.pdf
600,204,BILLS OF EXCHANGE ACT 1949,30/12/1949,31/12/1949,,https://lom.agc.gov.my/ilims/upload/portal/akta/outputaktap/Original Act 204.pdf
600,203,LEMBAGA KEMAJUAN KELANTAN SELATAN ACT 1978,28/02/1978,02/03/1978,01/05/1978,https://lom.agc.gov.my/ilims/upload/portal/akta/outputaktap/Salinan warta Act 203.pdf
600,202,BANK KERJASAMA RAKYAT MALAYSIA BERHAD (SPECIAL PROVISIONS) ACT 1978,06/02/1978,09/02/1978,16/02/1978,https://lom.agc.gov.my/ilims/upload/portal/akta/outputaktap/214_BI/ACT 202 - ASAL.pdf
600,201,BETTING AND SWEEPSTAKE DUTIES ACT 1948,,,,https://lom.agc.gov.my/ilims/upload/portal/akta/outputaktap/Act 201 Original.pdf
600,200,HOUSE TO HOUSE AND STREET COLLECTIONS ACT 1947,,,19/05/1947,https://lom.agc.gov.my/ilims/upload/portal/akta/outputaktap/Akta 200 Original.pdf
600,199,INVESTMENT INCENTIVES ACT 1968,,15/02/1978,,
600,198,PUBLIC AUTHORITIES PROTECTION ACT 1948,,,,https://lom.agc.gov.my/ilims/upload/portal/akta/outputaktap/Act 198 Original.pdf
600,197,REGISTRATION OF BUSINESSES ACT 1956,,,,https://lom.agc.gov.my/ilims/upload/portal/akta/outputaktap/Act 197 Original.pdf
600,196,TRUSTS (STATE LEGISLATURES COMPETENCY) ACT 1949,,,30/08/1949,https://lom.agc.gov.my/ilims/upload/portal/akta/outputaktap/Act 196 Original.pdf
600,195,WAGES COUNCILS ACT 1947,,17/11/1977,,
600,194,OATHS AND AFFIRMATIONS ACT 1949,30/11/1949,01/12/1949,01/12/1949,https://lom.agc.gov.my/ilims/upload/portal/akta/outputaktap/206_BI/ORD 51 1949.pdf
600,193,NATIONAL EMBLEMS (CONTROL OF DISPLAY) ACT 1949,,,,https://lom.agc.gov.my/ilims/upload/portal/akta/outputaktap/Act 193 Original.pdf
600,192,EMERGENCY POWERS (KELANTAN) ACT 1977,09/11/1977,09/11/1977,09/11/1977,https://lom.agc.gov.my/ilims/upload/portal/akta/outputaktap/Act 192 (Original).pdf
600,191,ABDUCTION AND CRIMINAL INTIMIDATION OF WITNESSES ACT 1947,,,10/06/1947,https://lom.agc.gov.my/ilims/upload/portal/akta/outputaktap/No. 26 of 1947 (Original).pdf
600,190,FEDERAL CAPITAL ACT 1960,,,01/04/1961,https://lom.agc.gov.my/ilims/upload/portal/akta/outputaktap/No. 35 of 1960 (Original).pdf
600,189,SECOND-HAND DEALERS ACT 1946,,,01/08/1946,https://lom.agc.gov.my/ilims/upload/portal/akta/outputaktap/No. 21 of 1946 (Original).pdf
600,188,TREASURY BILLS (LOCAL) ACT 1946,,,,https://lom.agc.gov.my/ilims/upload/portal/akta/outputaktap/No. 9 of 1946 (Original).pdf
600,187,LOANS (ISLAMIC DEVELOPMENT BANK) ACT 1977,07/09/1977,15/09/1977,16/09/1977,https://lom.agc.gov.my/ilims/upload/portal/akta/outputaktap/Act 187 (Original).pdf
600,186,PUBLIC SERVICE TRIBUNAL ACT 1977,27/08/1977,01/09/1977,,https://lom.agc.gov.my/ilims/upload/portal/akta/outputaktap/Act 186 (Original).pdf
600,185,STATUTORY AND LOCAL AUTHORITIES SUPERANNUATION FUND ACT 1977,26/05/1977,09/06/1977,,https://lom.agc.gov.my/ilims/upload/portal/akta/outputaktap/Act 185 (Original).pdf
600,184,INTERNATIONAL MONETARY FUND (RATIFICATION OF SECOND AMENDMENT TO THE ARTICLES OF AGREEMENT) ACT 1977,26/05/1977,09/06/1977,,https://lom.agc.gov.my/ilims/upload/portal/akta/outputaktap/196_BI/Act 184 (Original).pdf
600,183,DESTITUTE PERSON'S ACT 1977,03/03/1977,10/03/1977,,https://lom.agc.gov.my/ilims/upload/portal/akta/outputaktap/Act 183 (Original).pdf
600,182,THEATRES AND PLACES OF PUBLIC AMUSEMENT (FEDERAL TERRITORY) ACT 1977,03/03/1977,03/10/1977,,https://lom.agc.gov.my/ilims/upload/portal/akta/outputaktap/Act 182 original.pdf
600,181,REVENUE GROWTH GRANTS ACT 1977,02/03/1977,10/03/1977,01/01/1975,https://lom.agc.gov.my/ilims/upload/portal/akta/outputaktap/Act 181 original.pdf
600,180,MEDICAL ASSISTANTS (REGISTRATION) ACT 1977,02/03/1977,10/03/1977,,https://lom.agc.gov.my/ilims/upload/portal/akta/outputaktap/Act 180 original.pdf
600,179,PALM OIL REGISTRATION AND LICENSING AUTHORITY (INCORPORATION) ACT 1976,20/10/1976,28/10/1976,16/05/1977,https://lom.agc.gov.my/ilims/upload/portal/akta/outputaktap/Act 179 original.pdf
600,178,TUN RAZAK FOUNDATION ACT 1976,28/10/1976,28/10/1976,29/10/1976,https://lom.agc.gov.my/ilims/upload/portal/akta/outputaktap/Act 178 original.pdf
600,177,INDUSTRIAL RELATIONS ACT 1967,,,,
600,176,EXCISE ACT 1976,21/06/1976,24/06/1976,01/07/1977,https://lom.agc.gov.my/ilims/upload/portal/akta/outputaktap/188_BI/ACT EXCISE 1976.pdf
600,175,TRADE MARKS ACT 1976,21/06/1976,24/06/1976,01/09/1983,https://lom.agc.gov.my/ilims/upload/portal/akta/outputaktap/Act 175 original.pdf
600,174,EDUCATIONAL INSTITUTIONS (DISCIPLINE) ACT 1976,25/05/1976,31/05/1976,01/06/1976,https://lom.agc.gov.my/ilims/upload/portal/akta/outputaktap/186_BI/ACT 174 - ASAL.pdf
600,173,UNIVERSITI TEKNOLOGI MARA ACT 1976,25/05/1976,31/05/1976,01/06/1976,
600,172,TOWN AND COUNTRY PLANNING ACT 1976,18/03/1976,25/03/1976,,https://lom.agc.gov.my/ilims/upload/portal/akta/outputaktap/184_BI/Act 172 BI.pdf
600,171,LOCAL GOVERNMENT ACT 1976,18/03/1976,25/03/1976,,
700,170,MARTIAL ARTS SOCIETIES ACT 1976,18/03/1976,25/03/1976,,
700,169,REAL PROPERTY GAINS TAX ACT 1976,18/03/1976,25/03/1976,07/11/1975,https://lom.agc.gov.my/ilims/upload/portal/akta/outputaktap/181_BI/ACT 169 - ASAL.pdf
700,168,ANTIQUITIES ACT 1976,06/03/1976,25/03/1976,26/03/1976,
700,167,PLANT QUARANTINE ACT 1976,06/03/1976,11/03/1976,12/03/1976,https://lom.agc.gov.my/ilims/upload/portal/akta/outputaktap/Act 167 original.pdf
700,166,LEGAL PROFESSION ACT 1976,06/03/1976,11/03/1976,01/06/1977,https://lom.agc.gov.my/ilims/upload/portal/akta/outputaktap/Act 166 original.pdf
700,165,LAW REFORM (ERADICATION OF ILLICIT SAMSU) ACT 1976,06/03/1976,11/03/1976,16/04/1976,https://lom.agc.gov.my/ilims/upload/portal/akta/outputaktap/Act 165 original.pdf
700,164,LAW REFORM (MARRIAGE AND DIVORCE) ACT 1976,06/03/1976,11/03/1976,01/03/1982,https://lom.agc.gov.my/ilims/upload/portal/akta/outputaktap/Act 164 original.pdf
700,163,EXTRA-TERRITORIAL OFFENCES ACT 1976,06/03/1976,11/03/1976,01/05/1976,https://lom.agc.gov.my/ilims/upload/portal/akta/outputaktap/Act 163 original.pdf
700,162,MALAYSIAN RED CROSS SOCIETY (CHANGE OF NAME) ACT 1975,21/08/1975,04/09/1975,05/09/1975,https://lom.agc.gov.my/ilims/upload/portal/akta/outputaktap/Act 162 original.pdf
700,161,RUBBER PRICE STABILIZATION ACT 1975,21/08/1975,28/08/1975,01/12/1975,https://lom.agc.gov.my/ilims/upload/portal/akta/outputaktap/Act 161 original.pdf
700,160,MALAYSIAN CURRENCY (RINGGIT) ACT 1975,21/08/1975,28/08/1975,29/08/1975,https://lom.agc.gov.my/ilims/upload/portal/akta/outputaktap/172_BI/ACT 160.pdf
700,159,EMPLOYMENT INFORMATION ACT 1953,,,,
700,158,CHEMISTS ACT 1975,15/05/1975,22/05/1975,,https://lom.agc.gov.my/ilims/upload/portal/akta/outputaktap/Act 158 original.pdf
700,157,STANDARD AND INDUSTRIAL RESEARCH INSTITUTE OF MALAYSIA (INCORPORATION) ACT 1975,16/05/1975,22/05/1975,,https://lom.agc.gov.my/ilims/upload/portal/akta/outputaktap/Act 157 original.pdf
700,156,INDUSTRIAL CO-ORDINATION ACT 1975,15/05/1975,22/05/1975,01/05/1976,
700,155,IMMIGRATION ACT 1959/63,,,,
700,154,DESTRUCTION OF DISEASE-BEARING INSECTS ACT 1975,10/02/1975,20/02/1975,23/08/1982,https://lom.agc.gov.my/ilims/upload/portal/akta/outputaktap/Act 154.pdf
700,153,ISLAMIC DEVELOPMENT BANK ACT 1975,10/02/1975,20/02/1975,21/02/1975,https://lom.agc.gov.my/ilims/upload/portal/akta/outputaktap/Act 153.pdf
700,152,REGISTRATION OF BIRTHS AND DEATHS (SPECIAL PROVISIONS) ACT 1975,10/02/1975,20/02/1975,01/09/1974,https://lom.agc.gov.my/ilims/upload/portal/akta/outputaktap/Act 152.pdf
700,151,SERVICE TAX ACT 1975,30/01/1975,30/01/1975,01/03/1975,https://lom.agc.gov.my/Akta 151.pdf
700,150,PASSPORTS ACT 1966,,,01/04/1966,https://lom.agc.gov.my/ilims/upload/portal/akta/outputaktap/Act 150.pdf
700,149,PESTICIDES ACT 1974,30/07/1974,29/08/1974,,https://lom.agc.gov.my/ilims/upload/portal/akta/outputaktap/161_BI/ACT 149 (1).pdf
700,148,CARRIAGE BY AIR ACT 1974,30/07/1974,29/08/1974,19/12/1974,
700,147,VETERINARY SURGEONS ACT 1974,30/07/1974,29/08/1974,,
700,146,BANK SIMPANAN NASIONAL ACT 1974,30/07/1974,22/08/1974,01/12/1974,https://lom.agc.gov.my/ilims/upload/portal/akta/outputaktap/Act 146.pdf
700,145,POLITEKNIK UNGKU OMAR ACT 1974,30/07/1974,22/08/1974,,
700,144,PETROLEUM DEVELOPMENT ACT 1974,30/07/1974,22/08/1974,01/10/1974,
700,143,SCOUTS ASSOCIATION OF MALAYSIA ACT 1974,30/07/1974,22/08/1974,23/08/1974,
700,142,KOOTU FUNDS (VALIDATION) ACT 1974,30/07/1974,22/08/1974,23/08/1974,
700,141,FEDERAL AGRICULTURAL MARKETING AUTHORITY ACT 1965,,02/09/1965,16/07/2024,
700,140,PENANG PORT COMMISSION ACT 1955,,01/01/1956,,
700,139,FACTORIES AND MACHINERY ACT 1967,,01/01/1967,01/02/1970,
700,138,REGISTRATION OF ENGINEERS ACT 1967,,01/01/1967,23/08/1972,
700,137,SPECIFIC RELIEF ACT 1950,,01/07/1950,,
700,136,CONTRACTS ACT 1950,,01/05/1959,,
700,135,PARTNERSHIP ACT 1961,,29/04/1961,,
700,134,ABORIGINAL PEOPLES ACT 1954,,25/02/1954,25/02/1954,
700,133,"STREET, DRAINAGE AND BUILDING ACT 1974",05/06/1974,13/06/1974,,https://lom.agc.gov.my/ilims/upload/portal/akta/outputaktap/145_BI/Act 133 - Gazette.pdf
700,132,INCOME TAX (TIN BUFFER STOCK CONTRIBUTIONS AND REPAYMENTS) ACT 1974,05/06/1974,13/06/1974,14/06/1974,
700,131,ROMAN CATHOLIC BISHOPS (CHANGE OF NAME AND INCORPORATION) ACT 1974,03/08/1974,14/03/1974,,
700,130,HUMAN TISSUES ACT 1974,08/03/1974,14/03/1974,01/01/1975,
700,129,GEOLOGICAL SURVEY ACT 1974,08/03/1974,14/03/1974,01/03/1976,
700,128,PETROLEUM AND ELECTRICITY (CONTROL OF SUPPLIES) ACT 1974,08/03/1974,14/03/1974,,
700,127,ENVIRONMENTAL QUALITY ACT 1974,08/03/1974,14/03/1974,15/04/1975,https://lom.agc.gov.my/ilims/upload/portal/akta/outputaktap/139_BI/127 ENVIRONMENTAL QUALITY 1974.pdf
700,126,LAND SPECULATION TAX ACT 1974,08/03/1974,14/03/1974,06/12/1973,
700,125,COMPANIES ACT 1965,,14/12/1973,,https://lom.agc.gov.my/ilims/upload/portal/akta/outputaktap/Muka depan Act 125 - Repealed by Act 777.pdf
700,124,LOCAL GOVERNMENT (TEMPORARY PROVISIONS) ACT 1973,29/08/1973,30/08/1973,30/08/1973,
700,123,BIRO SIASATAN NEGARA ACT 1973,29/08/1973,30/08/1973,31/08/1973,
700,122,CONTROL OF SUPPLIES ACT 1961,,,,
700,121,PRICE CONTROL ACT 1946,,,,
700,120,GOVERNMENT CONTRACTS ACT 1949,,,,
700,119,COMMISSIONS OF ENQUIRY ACT 1950,,,,https://lom.agc.gov.my/ilims/upload/portal/akta/outputaktap/001. Akta 119 sebelum disemak.pdf
700,118,HOUSING DEVELOPMENT (CONTROL AND LICENSING) ACT 1966,,,29/08/1969,
700,117,ARCHITECTS ACT 1967,,02/08/1973,01/10/1973,
700,116,ELECTRICITY ACT 1949,,19/07/1973,,
700,115,NOTARIES PUBLIC ACT 1959,,,,
700,114,JUDICIAL PROCEEDINGS (REGULATION OF REPORTS) ACT 1962,,,,
700,113,POST OFFICE SAVINGS BANK ACT 1948,,19/07/1973,,
700,112,SECURITIES INDUSTRY ACT 1973,15/06/1973,21/06/1973,,
700,111,NATIONAL TOBACCO BOARD (INCORPORATION) ACT 1973,15/06/1973,21/06/1973,,
700,110,FARMERS' ORGANIZATION AUTHORITY ACT 1973,15/06/1973,21/06/1973,14/02/1973,
700,109,FARMERS' ORGANIZATION ACT 1973,15/06/1973,21/06/1973,,
700,108,GOOD SHEPHERD NUNS (INCORPORATION) ACT 1973,15/06/1973,21/06/1973,22/06/1973,
700,107,CITY OF KUALA LUMPUR (PLANNING) ACT 1973,06/04/1973,12/04/1973,21/05/1973,
700,106,WOMEN AND GIRLS PROTECTION ACT 1973,06/04/1973,12/04/1973,,
700,105,MALAYSIAN TIMBER INDUSTRY BOARD (INCORPORATION) ACT 1973,06/04/1973,12/04/1973,28/04/2025,https://lom.agc.gov.my/Akta 104 (salinan warta).pdf
700,104,LEMBAGA KEMAJUAN TERENGGANU TENGAH ACT 1973,06/04/1973,12/04/1973,01/05/1973,https://lom.agc.gov.my/ilims/upload/portal/akta/outputaktap/Act 104.pdf
700,103,ENTERTAINMENTS DUTY ACT 1953,,,,https://lom.agc.gov.my/ilims/upload/portal/akta/outputaktap/Act 103.pdf
700,102,BANKING ACT 1973,20/03/1973,22/03/1973,15/04/1973,https://lom.agc.gov.my/ilims/upload/portal/akta/outputaktap/Act 102.pdf
700,101,TABUNG ANGKATAN TENTERA ACT 1973,20/03/1973,22/03/1973,01/08/1972,https://lom.agc.gov.my/ilims/upload/portal/akta/outputaktap/113_BI/ACT 101 - ASAL.pdf
700,100,TRUST COMPANIES ACT 1949,,03/01/1973,,https://lom.agc.gov.my/ilims/upload/portal/akta/outputaktap/Act 100 Akta Ibu (BI).pdf
700,99,RECIPROCAL ENFORCEMENT OF JUDGMENTS ACT 1958,,12/07/1972,,https://lom.agc.gov.my/ilims/upload/portal/akta/outputaktap/Act 99 (Akta Ibu)(BI).pdf
700,98,SMALL ESTATES (DISTRIBUTION) ACT 1955,,26/10/1972,,https://lom.agc.gov.my/ilims/upload/portal/akta/outputaktap/Act 98 (Akta Ibu)(BI).pdf
700,97,PROBATE AND ADMINISTRATION ACT 1959,,26/10/1972,,https://lom.agc.gov.my/ilims/upload/portal/akta/outputaktap/Act 97 - Akta Ibu (BI).pdf
700,96,LOANS GUARANTEE (BODIES CORPORATE) ACT 1965,,,01/04/1965,https://lom.agc.gov.my/ilims/upload/portal/akta/outputaktap/Act 96 - Akta Ibu (BI).pdf
700,95,PETROLEUM MINING ACT 1966,,10/12/1972,,https://lom.agc.gov.my/ilims/upload/portal/akta/outputaktap/Act 95 (Akta Ibu)(BI).pdf
700,94,ACCOUNTANTS ACT 1967,,,,https://lom.agc.gov.my/ilims/upload/portal/akta/outputaktap/Act 94 - Akta Ibu (BI).pdf
700,93,ARBITRATION ACT 1952,,,,
700,92,SUBORDINATE COURTS ACT 1948,,10/12/1972,,https://lom.agc.gov.my/ilims/upload/portal/akta/outputaktap/Act 92 - Ordinance No.43 of 1948.pdf
700,91,COURTS OF JUDICATURE ACT 1964,20/01/1964,30/01/1964,16/03/1964,https://lom.agc.gov.my/ilims/upload/portal/akta/outputaktap/103_BI/ACT 91 (No. 7 of 1964).pdf
700,90,JUVENILE COURTS ACT 1947,,,,https://lom.agc.gov.my/ilims/upload/portal/akta/outputaktap/Act 90- Repealed.pdf
700,89,INSURANCE ACT 1963,,,,https://lom.agc.gov.my/ilims/upload/portal/akta/outputaktap/Act 89- Repealed.pdf
700,88,OFFICIAL SECRETS ACT 1972,26/09/1972,30/09/1972,01/10/1972,
700,87,TRADE DESCRIPTIONS ACT 1972,26/09/1972,30/09/1972,03/11/1972,https://lom.agc.gov.my/ilims/upload/portal/akta/outputaktap/Act 87 repealed.pdf
700,86,SUPERIOR OF THE INSTITUTE OF THE CONGREGATION OF THE BROTHERS OF MERCY (INCORPORATION) ACT 1972,26/09/1972,30/09/1972,01/10/1972,https://lom.agc.gov.my/ilims/upload/portal/akta/outputaktap/Act 86- Original.pdf
700,85,RUBBER INDUSTRY SMALLHOLDERS DEVELOPMENT AUTHORITY ACT 1972,26/09/1972,30/09/1972,01/01/1973,https://lom.agc.gov.my/ilims/upload/portal/akta/outputaktap/Act 85- Original.pdf
700,84,MALAYSIAN RUBBER EXCHANGE AND LICENSING BOARD ACT 1972,26/09/1972,30/09/1972,01/09/1973,https://lom.agc.gov.my/ilims/upload/portal/akta/outputaktap/Act 84 Repealed.pdf
700,83,CONTINENTAL SHELF ACT 1966,,,,https://lom.agc.gov.my/ilims/upload/portal/akta/outputaktap/Act 83- Original.pdf
700,82,INTERNAL SECURITY ACT 1960,,,,https://lom.agc.gov.my/ilims/upload/portal/akta/outputaktap/Act 82 Repealed.pdf
700,81,PAWNBROKERS ACT 1972,05/07/1972,13/07/1972,02/01/1973,https://lom.agc.gov.my/ilims/upload/portal/akta/outputaktap/Act 81 (Original).pdf
700,80,NATIONAL LIBRARY ACT 1972,05/07/1972,13/07/1972,01/09/1972,https://lom.agc.gov.my/ilims/upload/portal/akta/outputaktap/Act 80 (Original).pdf
700,79,BANISHMENT ACT 1959,,,,https://lom.agc.gov.my/ilims/upload/portal/akta/outputaktap/Act 79 (Original).pdf
700,78,NATIONAL REGISTRATION ACT 1959,23/12/1959,31/12/1959,01/08/1960,https://lom.agc.gov.my/ilims/upload/portal/akta/outputaktap/Act 78 (Original).pdf
700,77,ARMED FORCES ACT 1972,28/04/1972,04/05/1972,01/06/1976,https://lom.agc.gov.my/ilims/upload/portal/akta/outputaktap/89_BI/ACT 77.pdf
700,76,PROTECTION OF WILD LIFE ACT 1972,28/04/1972,04/05/1972,01/01/1973,https://lom.agc.gov.my/ilims/upload/portal/akta/outputaktap/Act 76 (Original).pdf
700,75,LEMBAGA KEMAJUAN JOHOR TENGGARA ACT 1972,23/03/1972,30/03/1972,01/06/1972,https://lom.agc.gov.my/ilims/upload/portal/akta/outputaktap/Act 75 (Original).pdf
700,74,ST. JOHN AMBULANCE OF MALAYSIA (INCORPORATION) ACT 1972,23/03/1972,30/03/1972,31/08/1972,https://lom.agc.gov.my/ilims/upload/portal/akta/outputaktap/Act 74 (Original).pdf
700,73,LEMBAGA KEMAJUAN PERUSAHAAN HAIWAN NEGARA ACT 1972,23/03/1972,30/03/1972,01/08/1972,https://lom.agc.gov.my/ilims/upload/portal/akta/outputaktap/Act 73 (Original).pdf
700,72,TOURIST DEVELOPMENT CORPORATION OF MALAYSIA ACT 1972,23/03/1972,30/03/1972,31/03/1972,https://lom.agc.gov.my/ilims/upload/portal/akta/outputaktap/Act 72 (Original).pdf
700,71,WEIGHTS AND MEASURES ACT 1972,23/03/1972,30/03/1972,01/01/1981,https://lom.agc.gov.my/ilims/upload/portal/akta/outputaktap/AKTA 71 BI.pdf
800,70,MUDA AGRICULTURAL DEVELOPMENT AUTHORITY ACT 1972,23/03/1972,30/03/1972,31/03/1972,https://lom.agc.gov.my/ilims/upload/portal/akta/outputaktap/AKTA 70 BI.pdf
800,69,KEMUBU AGRICULTURAL DEVELOPMENT AUTHORITY ACT 1972,23/03/1972,30/03/1972,31/03/1972,https://lom.agc.gov.my/ilims/upload/portal/akta/outputaktap/AKTA 69 BI.pdf
800,68,LEMBAGA KEMAJUAN PAHANG TENGGARA ACT 1972,23/03/1972,30/03/1972,01/06/1972,https://lom.agc.gov.my/ilims/upload/portal/akta/outputaktap/Act 68 Repealed.pdf
800,67,CIVIL LAW ACT 1956,31/03/1956,31/03/1956,,https://lom.agc.gov.my/ilims/upload/portal/akta/outputaktap/79_BI/Act 67.pdf
800,66,LOAN GUARANTEE ACT 1972,26/02/1972,29/02/1972,01/03/1972,https://lom.agc.gov.my/ilims/upload/portal/akta/outputaktap/AKTA 66 BI.pdf
800,65,GAMING TAX ACT 1972,26/02/1972,29/02/1972,01/03/1972,https://lom.agc.gov.my/ilims/upload/portal/akta/outputaktap/AKTA 65 BI.pdf
800,64,SALES TAX ACT 1972,26/02/1972,28/02/1972,29/02/1972,https://lom.agc.gov.my/ilims/upload/portal/akta/outputaktap/Act 64 Repealed.pdf
800,63,CONTROL OF IMPORTED PUBLICATIONS ACT 1958,,,01/01/1959,https://lom.agc.gov.my/ilims/upload/portal/akta/outputaktap/AKTA 63 BI REPEAL.pdf
800,62,AUDIT ACT 1957,12/12/1957,12/12/1957,,https://lom.agc.gov.my/ilims/upload/portal/akta/outputaktap/74_BI/Act 62.pdf
800,61,FINANCIAL PROCEDURE ACT 1957,,,,https://lom.agc.gov.my/ilims/upload/portal/akta/outputaktap/ORDINANCE NO. 62 OF 1957.pdf
800,60,LEGITIMACY ACT 1961,,,,https://lom.agc.gov.my/ilims/upload/portal/akta/outputaktap/ORDINANCE NO. 11 OF 1961.pdf
800,59,CITY OF KUALA LUMPUR ACT 1971,29/12/1971,30/12/1971,01/02/1972,https://lom.agc.gov.my/ilims/upload/portal/akta/outputaktap/ACT 59 (ENG).pdf
800,58,PRINTING PRESSES ACT 1948,,,19/07/1948,https://lom.agc.gov.my/ilims/upload/portal/akta/outputaktap/Act 58 (REPEAL).pdf
800,57,PREVENTION OF CORRUPTION ACT 1961,,,,https://lom.agc.gov.my/ilims/upload/portal/akta/outputaktap/Act 57 (REPEAL).pdf
800,56,EVIDENCE ACT 1950,12/05/1950,05/05/1950,,https://lom.agc.gov.my/ilims/upload/portal/akta/outputaktap/68_BI/ORDINANCE 11 1950.pdf
800,55,SUBORDINATE COURTS RULES ACT 1955,,,,https://lom.agc.gov.my/ilims/upload/portal/akta/outputaktap/ORDINANCE NO. 28 OF 1955.pdf
800,54,SUPPLEMENTARY INCOME TAX ACT 1967,,,28/09/1967,https://lom.agc.gov.my/ilims/upload/portal/akta/outputaktap/Act 54 (REPEAL).pdf
800,53,INCOME TAX ACT 1967,,,28/09/1967,https://lom.agc.gov.my/ilims/upload/portal/akta/outputaktap/Income Tax Ordinance 1947 [M.U. NO. 48 OF 1947].pdf
800,52,MALARIA ERADICATION ACT 1971,27/09/1971,30/09/1971,01/10/1971,https://lom.agc.gov.my/ilims/upload/portal/akta/outputaktap/64_BI/Act 52 REPEAL.pdf
800,51,DENTAL ACT 1971,27/09/1971,30/09/1971,01/02/1972,https://lom.agc.gov.my/ilims/upload/portal/akta/outputaktap/ACT 51 ORIGINAL BI.pdf
800,50,MEDICAL ACT 1971,27/09/1971,30/09/1971,01/10/1971,"https://lom.agc.gov.my/ilims/upload/portal/akta/outputaktap/62_BI/Akta 50 Akta Perubatan, 1971-BI.pdf"
800,49,LEMBAGA KEMAJUAN IKAN MALAYSIA ACT 1971,27/09/1971,30/09/1971,,https://lom.agc.gov.my/ilims/upload/portal/akta/outputaktap/ACT 49 ORIGINAL BI.pdf
800,48,NATIONAL INSTITUTE FOR SCIENTIFIC AND INDUSTRIAL RESEARCH (INCORPORATION) ACT 1971,27/09/1971,30/09/1971,01/10/1971,https://lom.agc.gov.my/ilims/upload/portal/akta/outputaktap/ACT 48 ORIGINAL BI.pdf
800,47,LEMBAGA PADI DAN BERAS NEGARA ACT 1971,30/08/1971,02/09/1971,,https://lom.agc.gov.my/ilims/upload/portal/akta/outputaktap/ACT 47 ORIGINAL BI.pdf
800,46,PERBADANAN PEMBANGUNAN BANDAR ACT 1971,30/08/1971,02/09/1971,,https://lom.agc.gov.my/ilims/upload/portal/akta/outputaktap/ACT 46 ORIGINAL BI.pdf
800,45,JUDGES' REMUNERATION ACT 1971,30/08/1971,02/09/1971,03/09/1971,https://lom.agc.gov.my/ilims/upload/portal/akta/outputaktap/57_BI/ACT 45 - asal.pdf
800,44,FISHERMEN'S ASSOCIATIONS ACT 1971,30/08/1971,02/09/1971,04/05/1972,https://lom.agc.gov.my/ilims/upload/portal/akta/outputaktap/ACT 44 ORIGINAL.pdf
800,43,PRIVATE HOSPITALS ACT 1971,30/08/1971,02/09/1971,01/10/1972,https://lom.agc.gov.my/ilims/upload/portal/akta/outputaktap/ACT 43 ORIGINAL.pdf
800,42,HOUSING LOANS FUND ACT 1971,30/08/1971,02/09/1971,03/09/1971,https://lom.agc.gov.my/ilims/upload/portal/akta/outputaktap/ACT 42 ORIGINAL.pdf
800,41,LOAN (INTERNATIONAL TIN BUFFER STOCK) ACT 1971,30/08/1971,02/09/1971,01/07/1971,https://lom.agc.gov.my/ilims/upload/portal/akta/outputaktap/Act 41 BI.pdf
800,40,METRIC WEIGHTS AND MEASURES ACT 1971,30/08/1971,02/09/1971,03/09/1971,https://lom.agc.gov.my/ilims/upload/portal/akta/outputaktap/Akta 40 BI.pdf
800,39,INHERITANCE (FAMILY PROVISION) ACT 1971,30/08/1971,02/09/1971,13/01/1973,https://lom.agc.gov.my/ilims/upload/portal/akta/outputaktap/Act 39 BI.pdf
800,38,FINANCE (ESTATE DUTY) ACT 1971,30/08/1971,02/09/1971,03/09/1971,https://lom.agc.gov.my/ilims/upload/portal/akta/outputaktap/Akta 38 BI.pdf
800,37,FIREARMS (INCREASED PENALTIES) ACT 1971,30/08/1971,02/09/1971,01/10/1971,
800,36,SYNOD OF THE DIOCESE OF WEST MALAYSIA (INCORPORATION) ACT 1971,30/08/1971,02/09/1971,,https://lom.agc.gov.my/ilims/upload/portal/akta/outputaktap/Act 36 Akta Asal BI.pdf
800,35,FILMS (CENSORSHIP) ACT 1952,23/12/1952,01/05/1954,,https://lom.agc.gov.my/ilims/upload/portal/akta/outputaktap/Ordinance 76 of 1952.pdf
800,34,MAINTENANCE ORDERS (FACILITIES FOR ENFORCEMENT) ACT 1949,30/11/1949,01/12/1949,,https://lom.agc.gov.my/ilims/upload/portal/akta/outputaktap/Ordinance No. 55 of 1949.pdf
800,33,BANKERS' BOOKS (EVIDENCE) ACT 1949,30/11/1949,01/12/1949,,https://lom.agc.gov.my/ilims/upload/portal/akta/outputaktap/Ordinance No.52 of 1949.pdf
800,32,NATIONAL LANGUAGE ACTS 1963/67,,01/09/1967,,https://lom.agc.gov.my/ilims/upload/portal/akta/outputaktap/No.7 of 1967.pdf
800,31,ELECTION COMMISSION ACT 1957,23/12/1957,31/08/1957,,https://lom.agc.gov.my/ilims/upload/portal/akta/outputaktap/Ordinance 76 of 1957.pdf
800,30,UNIVERSITIES AND UNIVERSITY COLLEGES ACT 1971,27/04/1971,29/04/1971,30/04/1971,https://lom.agc.gov.my/ilims/upload/portal/akta/outputaktap/Act 30-original.pdf
800,29,NATIONAL SPORTS COUNCIL OF MALAYSIA ACT 1971,27/04/1971,29/04/1971,30/04/1971,https://lom.agc.gov.my/ilims/upload/portal/akta/outputaktap/Act 29-original.pdf
800,28,KOOTU FUNDS (PROHIBITION) ACT 1971,27/04/1971,29/04/1971,30/04/1971,https://lom.agc.gov.my/ilims/upload/portal/akta/outputaktap/Act 28-original.pdf
800,27,PRIVATE AGENCIES ACT 1971,24/04/1971,29/04/1971,30/04/1971,https://lom.agc.gov.my/ilims/upload/portal/akta/outputaktap/Act 27-original.pdf
800,26,LEGAL AID ACT 1971,24/04/1971,29/04/1971,30/04/1971,https://lom.agc.gov.my/ilims/upload/portal/akta/outputaktap/Act 26-original.pdf
800,25,SUMMONSES AND WARRANTS (SPECIAL PROVISIONS) ACT 1971,22/04/1971,29/04/1971,30/04/1971,https://lom.agc.gov.my/ilims/upload/portal/akta/outputaktap/Act 25-original.pdf
800,24,FREE TRADE ZONE ACT 1971,24/04/1971,29/04/1971,20/01/1972,https://lom.agc.gov.my/ilims/upload/portal/akta/outputaktap/Act 24-original.pdf
800,23,MEMBERS OF THE ADMINISTRATION AND MEMBERS OF PARLIAMENT (PENSIONS AND GRATUITIES) ACT 1971,22/04/1971,29/04/1971,01/01/1970,https://lom.agc.gov.my/ilims/upload/portal/akta/outputaktap/Act 23-original.pdf
800,22,TUNKU ABDUL RAHMAN PUTRA AL-HAJ PENSION ACT 1971,22/04/1971,29/04/1971,30/04/1971,https://lom.agc.gov.my/ilims/upload/portal/akta/outputaktap/Act 22-original.pdf
800,21,AGE OF MAJORITY ACT 1971,22/04/1971,29/04/1971,30/04/1971,
800,20,TELECOMMUNICATIONS ACT 1950,,31/12/1970,,
800,19,ELECTIONS ACT 1958,,,,
800,18,HOUSING TRUST ACT 1950,,31/12/1970,,
800,17,EXCHANGE CONTROL ACT 1953,,,,
800,16,CENSUS ACT 1960,,,,
800,15,SEDITION ACT 1948,15/07/1948,19/07/1948,,https://lom.agc.gov.my/ilims/upload/portal/akta/outputaktap/27_BI/Act 15 original.pdf
800,14,NURSES ACT 1950,,,,
800,13,STATUTORY DECLARATIONS ACT 1960,,,,
800,12,INTERNATIONAL MONETARY FUND (RATIFICATION OF AMENDMENTS TO THE ARTICLES OF AGREEMENT) ACT 1969,22/04/1969,01/05/1969,02/05/1969,
800,11,MALAYSIAN AGRICULTURAL RESEARCH AND DEVELOPMENT INSTITUTE ACT 1969,22/04/1969,01/05/1969,02/05/1969,
800,10,COPYRIGHT ACT 1969,22/04/1969,01/05/1969,01/08/1969,
800,9,BANK PERTANIAN MALAYSIA ACT 1969,22/04/1969,01/05/1969,01/08/1969,
800,8,LEMBAGA URUSAN DAN TABUNG HAJI ACT 1969,22/04/1969,01/05/1969,08/08/1969,
800,7,REGISTRATION OF CRIMINALS AND UNDESIRABLE PERSONS ACT 1969,22/04/1969,01/05/1969,02/05/1969,
800,6,FINANCE COMPANIES ACT 1969,22/04/1969,01/05/1969,01/06/1969,
800,5,ELECTION OFFENCES ACT 1954,,,30/04/1954,
800,4,EMPLOYEES' SOCIAL SECURITY ACT 1969,02/04/1969,10/02/1969,,https://lom.agc.gov.my/ilims/upload/portal/akta/outputaktap/16_BI/ACT 4 - ASAL.pdf
800,3,CIVIL AVIATION ACT 1969,15/02/1969,27/02/1969,,https://lom.agc.gov.my/ilims/upload/portal/akta/outputaktap/01. Act 3 (Gazette Copy 1969).pdf
800,2,MINISTERIAL FUNCTIONS ACT 1969,15/02/1969,27/02/1969,27/02/1969,
800,1,REVISION OF LAWS ACT 1968,24/12/1968,31/12/1968,01/01/1969,https://lom.agc.gov.my/ilims/upload/portal/akta/outputaktap/13_BI/ACT 1 - ASAL.pdf
800,0,MALAYSIA ACT,,,16/09/1963,https://lom.agc.gov.my/ilims/upload/portal/akta/outputaktap/Malaysia Act No. 26 of 1963 (Original Gazetted).pdf
800,0,MERCHANT SHIPPING ORDINANCE 1952,,01/01/1952,,
800,0,LABOUR ORDINANCE OF SABAH,,,,https://lom.agc.gov.my/ilims/upload/portal/akta/outputaktap/Warta Asal Labour Ordinance [Sabah Cap. 67].pdf
800,0,LABOUR ORDINANCE [SARAWAK CAP. 76],,,,https://lom.agc.gov.my/ilims/upload/portal/akta/outputaktap/Labour Ord. Sarawak (Ord. 24 of 1951).pdf
